Name,Make,Model,Serial Number,Category,Location,Collection,Condition,Heir,Purchased From,Purchase_Date,Price,Quantity,Value,ISBN/EAN Number,Tags,SKU,Photo Labels and Filenames,Receipt Labels and Filenames,Warranty Issuer 1,Warranty Type 1,Warranty Term 1,Warranty Contact 1,Warranty Notes 1,Note 1
Adapter 3.5 female to 6.5 male,,,,AUDIO,STORAGE ROOM,(uncollected),Good,(unassigned),,2020-01-25,49000,5,245000,,,A0202,"Adapter Jack 3.5 female to 6.5 male,/Users/phoenix/Desktop/RMI_INV/Home Inventory Export/Exported Photos/CCE73CDF-DEF1-4E60-96C9-E4B3A4AF3582.jpg",,,,,,,
Adapter 3.5mm 1 Male to 2 Female 3.5mm Audio,,,,AUDIO,STORAGE ROOM,(uncollected),Fair,(unassigned),,2020-01-25,4200,1,4200,,,A0202,"Jack Adapter 3.5mm 1 Male to 2 Female 3.5mm Audio,/Users/phoenix/Desktop/RMI_INV/Home Inventory Export/Exported Photos/62FD9AC9-7B5D-4421-8F9F-0C09BEF08F99.jpg",,,,,,,
Adapter 3.5mm Female to 6.5mm Male Audio,,A0202,,AUDIO,STORAGE ROOM,(uncollected),Good,(unassigned),,2020-02-27,7000,1,7000,,,,"Jack Adapter 3.5mm Female to 6.5mm Male Audio,/Users/phoenix/Desktop/RMI_INV/Home Inventory Export/Exported Photos/51C745B9-4F73-4CF9-BDFC-70DBE46EE99F.jpg",,,,,,,
Adapter 6.5mm Stereo Male To 2 RCA Female,,,,AUDIO,STORAGE ROOM,(uncollected),Good,(unassigned),,2020-02-29,8000,1,8000,,,A0202,"Jack Adapter  6.5mm Stereo Male To 2 RCA Female,/Users/phoenix/Desktop/RMI_INV/Home Inventory Export/Exported Photos/F5B2E62D-0B5A-4C96-9347-44353E228C5A.jpg",,,,,,,
Adapter Displayport to DVI Female,,,,NETWORKING & PERIPHERAL,STORAGE ROOM,(uncollected),Good,(unassigned),,2019-12-06,50000,1,50000,,,N0209,"Adapter Displayport to DVI Female,/Users/phoenix/Desktop/RMI_INV/Home Inventory Export/Exported Photos/673B9D05-719F-4490-A5F4-CA1FC4C5F36B.jpg",,,,,,,
Adapter Dual RCA female to female,,,,NETWORKING & PERIPHERAL,STORAGE ROOM,(uncollected),Good,(unassigned),,2020-03-20,30000,2,60000,,,N0209,"Dual RCA conector female to female,/Users/phoenix/Desktop/RMI_INV/Home Inventory Export/Exported Photos/A19EA4AD-D218-4555-9AE5-7C05CB6CDE0A.jpg",,,,,,,
Adapter DVI 13 Pin Male To VGA,,,,NETWORKING & PERIPHERAL,STORAGE ROOM,(uncollected),Good,(unassigned),,2020-05-04,125000,1,125000,,,N0209,"Adapter VGA To DVI 13 Pin Male,/Users/phoenix/Desktop/RMI_INV/Home Inventory Export/Exported Photos/63559D05-BB6C-43AE-90B3-7968742C6FC3.jpg",,,,,,,
Adapter Female to Female 3.5mm,,,,AUDIO,STORAGE ROOM,(uncollected),Good,(unassigned),,2020-12-12,10500,1,10500,,,A0201,"Jack Adapter Female to Female 3.5mm,/Users/phoenix/Desktop/RMI_INV/Home Inventory Export/Exported Photos/6471B1B4-5AE1-4AF3-B9FC-DE61D1F04C87.jpg",,,,,,,
Adapter Firewire 800 to firewire 400 female,MOSHI,,,NETWORKING & PERIPHERAL,STORAGE ROOM,(uncollected),Good,(unassigned),,2019-02-14,104000,1,104000,,"Adapter,Cable Data,Firewire",N0210,"Adapter Firewire 800 to firewire 400 female,/Users/phoenix/Desktop/RMI_INV/Home Inventory Export/Exported Photos/B8EAFDF7-9BE4-4341-A945-575E1CDB68F9.jpg",,,,,,,
Adapter HDMI Female to DVI 24 Pin Male,OWM,,,NETWORKING & PERIPHERAL,STORAGE ROOM,(uncollected),Good,(unassigned),,2020-08-08,25000,5,125000,,"Adapter,DVI,HDMI",N0209,"Adapter HDMI Female to DVI 24 Pin Male,/Users/phoenix/Desktop/RMI_INV/Home Inventory Export/Exported Photos/8F64E1E2-A97F-466E-AA4B-74837E5F1A5A.jpg",,,,,,,
Adapter HDMI Female to Female,OWM,,,NETWORKING & PERIPHERAL,STORAGE ROOM,(uncollected),Good,(unassigned),,2020-08-08,25000,4,100000,,,N0209,"Adapter HDMI Female to Female,/Users/phoenix/Desktop/RMI_INV/Home Inventory Export/Exported Photos/D3BE6289-24F9-46DC-A19F-6D18C3B3976E.jpg",,,,,,,
Adapter HDMI Male to DVI Female,OWM,,,NETWORKING & PERIPHERAL,STORAGE ROOM,(uncollected),Good,(unassigned),,2021-07-10,15000,5,75000,,,N0209,"Adapter HDMI Male to DVI Female,/Users/phoenix/Desktop/RMI_INV/Home Inventory Export/Exported Photos/D795BE0E-5025-40D5-9EF1-73F4F4B2A698.jpg",,,,,,,
Adapter HDMI to HDMI male,,,,NETWORKING & PERIPHERAL,STORAGE ROOM,(uncollected),Good,(unassigned),,2020-06-21,85000,3,255000,,,N0209,"Cable USB micro male (android) to HDMI male,/Users/phoenix/Desktop/RMI_INV/Home Inventory Export/Exported Photos/4BAF4C27-4EF3-4E5B-8D5D-B55C3E47EA00.jpg",,,,,,,
Adapter Jack 3.5 male to 6.5 female,CANARE,,,AUDIO,STORAGE ROOM,(uncollected),Fair,(unassigned),,2021-06-04,40000,2,80000,,,A0202,"Adapter Jack 3.5 male to 6.5 female,/Users/phoenix/Desktop/RMI_INV/Home Inventory Export/Exported Photos/F0A1BEF6-B4BF-4C11-852F-13ACE3EC92B9.jpg",,,,,,,
Adapter Micro Male to HDMI Female,,,,NETWORKING & PERIPHERAL,STORAGE ROOM,(uncollected),Good,(unassigned),,2020-06-21,40000,2,80000,,,N0209,"Adapter Micro Male to HDMI Female,/Users/phoenix/Desktop/RMI_INV/Home Inventory Export/Exported Photos/5AD151FF-E56B-43A9-8198-47205F97E1E5.jpg",,,,,,,
Adapter Mini DisplayPort to HDMI female,,,,NETWORKING & PERIPHERAL,STORAGE ROOM,(uncollected),Fair,(unassigned),,2021-12-31,112500,5,562500,,,N0209,"Cable Thunderbold to HDMI female,/Users/phoenix/Desktop/RMI_INV/Home Inventory Export/Exported Photos/6721B7E5-D99B-4122-A23E-E6156ADDA86E.jpg",,,,,,,
Adapter Mini Male to HDMI Female,,,,NETWORKING & PERIPHERAL,STORAGE ROOM,(uncollected),Good,(unassigned),,2021-02-02,10000,3,30000,,,N0209,"Adapter Mini Male to HDMI Female,/Users/phoenix/Desktop/RMI_INV/Home Inventory Export/Exported Photos/37BF4ACE-34A6-45EC-B113-C07C2C17C8F8.jpg",,,,,,,
Adapter rca female to 3.5mm,,,,AUDIO,STORAGE ROOM,(uncollected),Fair,(unassigned),,2019-11-04,20000,1,20000,,,A0202,"Cable rca female to 3.5mm,/Users/phoenix/Desktop/RMI_INV/Home Inventory Export/Exported Photos/0EECB11B-0E71-45A9-A53D-834222272123.jpg",,,,,,,
ADAPTER Thunderbolt,STARTECH.COM,THUNDERBOLT 3 To ESATA & USB 3.1 ADAPTER,,NETWORKING & PERIPHERAL,SUITE,(uncollected),Good,(unassigned),,2021-09-19,301000,2,602000,,,N0210,"ADAPTER Thunderbolt,/Users/phoenix/Desktop/RMI_INV/Home Inventory Export/Exported Photos/DD867D47-D0CB-4C6E-AB30-6AD58253047A.jpg",,,,,,,
ADAPTER Thunderbolt 3 to Thunderbolt 2,,,,NETWORKING & PERIPHERAL,SUITE,(uncollected),Good,(unassigned),,2020-05-04,225000,5,1125000,,,N0210,"ADAPTER Thunderbolt 3 to Thunderbolt 2,/Users/phoenix/Desktop/RMI_INV/Home Inventory Export/Exported Photos/CECA96A5-4846-4DDC-ABE0-E3A99341C1F9.jpg",,,,,,,
Adapter two 3.5 Stereo female Jack-to- 3.5 male Stereo,,,,AUDIO,STORAGE ROOM,(uncollected),Fair,(unassigned),,2021-05-05,50000,1,50000,,,A0201,"Adapter two 3.5 Stereo female Jack-to- 3.5 male Stereo,/Users/phoenix/Desktop/RMI_INV/Home Inventory Export/Exported Photos/8CB675A9-258E-4DB0-BFD8-051056B53B46.jpg",,,,,,,
Adapter USB 2 Type A to 3.5mm 2 female,VENTION,,,AUDIO,STORAGE ROOM,(uncollected),Good,(unassigned),,2019-09-02,5333,3,160000,,"Adapter USB to 3.5,VENTION",A0202,"Adapter USB to 3.5mm female,/Users/phoenix/Desktop/RMI_INV/Home Inventory Export/Exported Photos/B8EA0297-6D8F-4C29-A816-577D4CCF911D.jpg",,,,,,,
Adapter USB male To USB male,,,,NETWORKING & PERIPHERAL,STORAGE ROOM,(uncollected),Good,(unassigned),,2020-06-10,108000,1,108000,,,N0210,"Adapter USB male To USB male,/Users/phoenix/Desktop/RMI_INV/Home Inventory Export/Exported Photos/919ABFD4-3030-49AF-BC71-A9FA078C3C34.jpg",,,,,,,
ADAPTER USB to Keyboard PS2,,,,NETWORKING & PERIPHERAL,STORAGE ROOM,(uncollected),Fair,(unassigned),,2019-09-15,45000,1,45000,,,N0210,"ADAPTER USB to Keyboard PS2,/Users/phoenix/Desktop/RMI_INV/Home Inventory Export/Exported Photos/D864BFE4-8863-470A-8749-EA6D72DE6AFB.jpg",,,,,,,
Adapter USB Virtual 7.1,Steel Sound,,,AUDIO,STORAGE ROOM,(uncollected),Good,(unassigned),,2020-04-18,110000,1,110000,,,A0202,"Soundcard USB Virtual 7.1,/Users/phoenix/Desktop/RMI_INV/Home Inventory Export/Exported Photos/57CD2328-75C7-476E-A357-4DB8F4347B45.jpg",,,,,,,
Adapter VGA Female to DVI Male,,,,NETWORKING & PERIPHERAL,STORAGE ROOM,(uncollected),Fair,(unassigned),,2019-09-02,25000,1,25000,,,N0209,"Adapter VGA Female to DVI Male,/Users/phoenix/Desktop/RMI_INV/Home Inventory Export/Exported Photos/B7F3DF36-B24F-442D-ABEF-16366D182A49.jpg",,,,,,,
Adapter VGA Male to DVI Female,,,,NETWORKING & PERIPHERAL,STORAGE ROOM,(uncollected),Good,(unassigned),,2020-02-12,31500,1,31500,,,N0209,"Adapter VGA Female to DVI Female,/Users/phoenix/Desktop/RMI_INV/Home Inventory Export/Exported Photos/7E73F249-101B-45D9-82A7-7A10D5AEAAB6.jpg",,,,,,,
Adaptor Displayport to HDMI Female,,,,NETWORKING & PERIPHERAL,STORAGE ROOM,(uncollected),Good,(unassigned),,2021-02-01,60000,4,240000,,,N0209,"Adaptor Displayport to HDMI Female,/Users/phoenix/Desktop/RMI_INV/Home Inventory Export/Exported Photos/7E20F385-B72D-42A7-BBAD-660981BBA14D.jpg",,,,,,,
Adaptor Displayport to VGA Female,,,,NETWORKING & PERIPHERAL,STORAGE ROOM,(uncollected),Fair,(unassigned),,2021-05-22,36000,1,36000,,,N0209,"Adaptor Displayport to VGA Female,/Users/phoenix/Desktop/RMI_INV/Home Inventory Export/Exported Photos/AC35D2E6-D892-445D-B82B-95BA6798EB45.jpg",,,,,,,
Air Conditioner,MIDEA,AC 1/2 PK,,FURNITURE & APPLIANCES,SUITE,(uncollected),Good,(unassigned),,2021-02-17,2100000,1,2100000,,#AC,F0408,"Air Conditioner,/Users/phoenix/Desktop/RMI_INV/Home Inventory Export/Exported Photos/56F726CF-5F8C-4B87-8F51-E8EB6E98BFE4.jpg",,,,,,,
Antena Router Network,,,,NETWORKING & PERIPHERAL,STORAGE ROOM,(uncollected),Good,(unassigned),,2020-09-10,215000,2,430000,,,N1811,"Antena Router Network,/Users/phoenix/Desktop/RMI_INV/Home Inventory Export/Exported Photos/3BB1B603-69B3-4890-9CAC-A9AC6DB4BBEF.jpg,Antena Router Network,/Users/phoenix/Desktop/RMI_INV/Home Inventory Export/Exported Photos/805E34D3-C423-4AAD-B8E7-1AFE3E21A175.jpg",,,,,,,
Arculating Magic Arm Mount Adapter,,,,TOOLS & SUPPLY,STORAGE ROOM,(uncollected),Fair,(unassigned),,2019-05-30,155000,2,310000,,,T0706,"Arculating Magic Arm Mount Adapter,/Users/phoenix/Desktop/RMI_INV/Home Inventory Export/Exported Photos/7D41AE1C-A49C-4F84-8C70-AD80CE5B9BFF.jpg",,,,,,,
AUDIO INTERFACE USB,LEXICON LAMBDA,LEXLAMBDAV,12001039429 & 12001039430,AUDIO,STORAGE ROOM,(uncollected),Good,(unassigned),,2020-06-04,1749000,2,3498000,,,A03,"AUDIO INTERFACE USB,/Users/phoenix/Desktop/RMI_INV/Home Inventory Export/Exported Photos/A8C0CCE1-AD24-4E61-92B1-0ABF33AC2C5C.jpg,AUDIO INTERFACE USB,/Users/phoenix/Desktop/RMI_INV/Home Inventory Export/Exported Photos/06C9B5CB-022A-451B-ACE6-DBF589794792.jpg,AUDIO INTERFACE USB,/Users/phoenix/Desktop/RMI_INV/Home Inventory Export/Exported Photos/ADD3B0AC-263F-4B64-87A5-BE88FD404986.jpg",,,,,,,
AV CABLE TO IPHONE 3,APPLE,,,NETWORKING & PERIPHERAL,STORAGE ROOM,(uncollected),Good,(unassigned),,2021-03-31,322000,1,322000,,,N0109,"AV CABLE TO IPHONE 3,/Users/phoenix/Desktop/RMI_INV/Home Inventory Export/Exported Photos/1414827D-D1CB-4A7D-8B64-205FAEE3C3C6.jpg",,,,,,,
BACKDROP,,"HIJAU, PUTIH, HITAM",,TOOLS & SUPPLY,STORAGE ROOM,(uncollected),Good,(unassigned),,2020-02-05,80000,3,240000,,,T13,"BACKDROP,/Users/phoenix/Desktop/RMI_INV/Home Inventory Export/Exported Photos/9B4806E4-EC0F-41D9-B353-B08ED3776DF8.jpg",,,,,,,"20/08/19 PUTIH : 1
HITAM : 1
HIJAU : 1"
Ball Head,"OPTIC PRO, MANFROTTO","OPTIC PRO, MH804-3W",,GRIP,BOARD,(uncollected),Good,(unassigned),,2021-12-06,300000,2,600000,,,G04,"Ball head,/Users/phoenix/Desktop/RMI_INV/Home Inventory Export/Exported Photos/B88AD3DB-7AF0-4F50-8807-2BD36DEDF977.jpg,Ball Head,/Users/phoenix/Desktop/RMI_INV/Home Inventory Export/Exported Photos/C06F22E8-3ADF-4AC8-BF5F-C30AF197FC27.jpg",,,,,,,
Battery,UPS ICA,"700VA, 1400 VA",700 VA : 1C1G51413059 - 1400 VA 1C1G61703053,NETWORKING & PERIPHERAL,CO-WORKING,(uncollected),Good,(unassigned),,2020-01-04,147000,2,294000,,,N1113,"Battery,/Users/phoenix/Desktop/RMI_INV/Home Inventory Export/Exported Photos/80DDF85A-8F3C-430D-940D-455F151102DC.jpg,Battery,/Users/phoenix/Desktop/RMI_INV/Home Inventory Export/Exported Photos/38329E31-CB44-4223-B693-D0AD92C20019.jpg",,,,,,,"19/08/19 700 VA : CO-WORKING
1400 VA : WORKSTATION"
Battery Camera,"Sony, Canon, Dyna Core, Powerange, Power Extra FW 50","Sony NP-FW50, Canon BP-511 A, Dyna Core DV-975C, Sony NP-F770, Powerange DF-248, Canon LP-E6N","Powerange DF-248 ( 62024180724821458 ), Canon LP-E6N :",CAMERA,BOARD,(uncollected),Good,(unassigned),,2019-02-07,53214,14,745000,,,C07,"Battery Camera,/Users/phoenix/Desktop/RMI_INV/Home Inventory Export/Exported Photos/9EBF3757-266D-445A-A132-4751B3A70B92.jpg,Battery Camera,/Users/phoenix/Desktop/RMI_INV/Home Inventory Export/Exported Photos/D7E80739-E5B6-4C85-BDF7-84DD05EC682B.jpg,Battery Camera,/Users/phoenix/Desktop/RMI_INV/Home Inventory Export/Exported Photos/413D0461-B125-4EB2-AC48-7A188B454143.jpg,Battery Camera,/Users/phoenix/Desktop/RMI_INV/Home Inventory Export/Exported Photos/1FA191B6-4F74-4886-B13B-E84125421312.jpg,Battery Camera,/Users/phoenix/Desktop/RMI_INV/Home Inventory Export/Exported Photos/71EFD1BA-B50E-44FA-85B1-06BAB20F4CDF.jpg,Battery Camera,/Users/phoenix/Desktop/RMI_INV/Home Inventory Export/Exported Photos/6AFF737A-26C4-4727-B1F6-A690A9EA1A1E.jpg,Battery Camera,/Users/phoenix/Desktop/RMI_INV/Home Inventory Export/Exported Photos/27D36B93-32B3-489B-87CF-FDC15BC5D5CA.jpg,Battery Camera,/Users/phoenix/Desktop/RMI_INV/Home Inventory Export/Exported Photos/88902160-B4B7-4030-B233-B0910C4E3859.jpg,Battery Camera,/Users/phoenix/Desktop/RMI_INV/Home Inventory Export/Exported Photos/E0ECB4A4-32FD-4DA5-A30C-E94632E9A7A4.jpg",,,,,,,"23/05/19 - Sony NP-FW50 4 Bh Ori
- Canon BP 3 Bh (1 Ori,  2 replacement)
- Dyna Core DV-975C 2 Bh
Power Extra FW 50 : 2 Bh"
Battery Charger,"Canon, sony, Andoer ( Dual charger Lcd ), Power Extra","Canon DS8101, Sony BC-VW1, Canon CA930","Canon : RC1016924, Sony : 16048000772, Canon CA930  : YLB",CAMERA,BOARD,(uncollected),Good,(unassigned),,2020-04-01,250000,5,1250000,,,C10,"Battery Charger,/Users/phoenix/Desktop/RMI_INV/Home Inventory Export/Exported Photos/3D283870-7822-46FE-89C9-963732EB0327.jpg,Battery Charger,/Users/phoenix/Desktop/RMI_INV/Home Inventory Export/Exported Photos/83513932-542F-496F-A6AE-64D0E6D59318.jpg,Battery Charger,/Users/phoenix/Desktop/RMI_INV/Home Inventory Export/Exported Photos/3B3F894D-78D2-4207-A0B0-8972E160EEED.jpg,Battery Charger,/Users/phoenix/Desktop/RMI_INV/Home Inventory Export/Exported Photos/F7D4FAE7-E7B6-4A2A-9562-0CCBDE43615D.jpg,Battery Charger,/Users/phoenix/Desktop/RMI_INV/Home Inventory Export/Exported Photos/3FBB1564-8496-4EDE-9A4E-3A93DCE08FDA.jpg,Battery Charger,/Users/phoenix/Desktop/RMI_INV/Home Inventory Export/Exported Photos/6EAB856D-202A-4864-88A7-407FEB069AB4.jpg,Battery Charger,/Users/phoenix/Desktop/RMI_INV/Home Inventory Export/Exported Photos/D31CDBE2-AF62-4CC8-AEB5-2591EDF8F03C.jpg",,,,,,,"18/07/19 Canon DS8101 : 1 Bh 
Sony BC-VW1 : 1 Bh
Canon CA930 : 1 Bh
Andoer ( Dual charger Lcd ) : 1 Bh
Power Extra : 1 Bh"
BATTERY GRIP,Canon 300d,BG-E1,(21)82018344,CAMERA,BOARD,(uncollected),Good,(unassigned),,2021-01-09,350000,1,350000,,,C0705,"BATTERY GRIP,/Users/phoenix/Desktop/RMI_INV/Home Inventory Export/Exported Photos/F7178D60-3EC3-4F1A-9A0E-69C9F99E1FA9.jpg",,,,,,,
"BATTERY REPLACEMENT MAC BOOK 15""",APPLE,,,TOOLS & SUPPLY,STORAGE ROOM,(uncollected),Good,(unassigned),,2021-12-06,500000,1,500000,,,N0410,"BATTERY REPLACEMENT,/Users/phoenix/Desktop/RMI_INV/Home Inventory Export/Exported Photos/EAFD0883-3E79-454F-B825-71CF1E857A8C.jpg",,,,,,,
BIG CASE,,,,BAG & CASE,All Room,(uncollected),Good,(unassigned),,2020-12-12,21818,11,240000,,,B0204,"Box Amunisi Plastik,/Users/phoenix/Desktop/RMI_INV/Home Inventory Export/Exported Photos/50397222-AD69-42CD-9DBB-9A77E92B5C8B.jpg,Container plastik,/Users/phoenix/Desktop/RMI_INV/Home Inventory Export/Exported Photos/3BFD40BD-0336-42CC-8747-BAA249823C65.jpg,Container Plastik,/Users/phoenix/Desktop/RMI_INV/Home Inventory Export/Exported Photos/9CEF46EA-30D5-419F-9F48-EF507236EF9A.jpg,BIG CASE,/Users/phoenix/Desktop/RMI_INV/Home Inventory Export/Exported Photos/DCA35DBF-DDE4-4BDE-B5CE-7358E530AFFC.jpg",,,,,,,"19/08/19 5 Container plastik DI STORAGE ROOM
4 Box plastik Amunisi Plastik DI STORAGE ROOM 1 CONTAINER PALSTIK HITAM KRISBOW 85X49X39          CM DI STORAGE ROOM
1 CONTAINER PALSTIK HITAM KRISBOW 86X61X45 CM DI STORAGE ROOM"
Binocular,Bushnell 16x52,Bushnell 16x52,,NETWORKING & PERIPHERAL,BOARD,(uncollected),Fair,(unassigned),,2020-02-17,65000,1,65000,,,N15,"Binocular,/Users/phoenix/Desktop/RMI_INV/Home Inventory Export/Exported Photos/B613FA3B-8827-46DA-9D2E-75427D8F11D9.jpg",,,,,,,
BNC female bulkhead solder,,,,TOOLS & SUPPLY,STORAGE ROOM,(uncollected),Good,(unassigned),,2020-08-08,25000,4,100000,,,T09,"BNC female bulkhead solder,/Users/phoenix/Desktop/RMI_INV/Home Inventory Export/Exported Photos/F7B4C481-7691-4503-9E6C-A8076BD74FAB.jpg",,,,,,,
BNC Female to Female,,,,NETWORKING & PERIPHERAL,STORAGE ROOM,(uncollected),Good,(unassigned),,2020-02-07,75000,5,375000,,,N03,"BNC Female to Female,/Users/phoenix/Desktop/RMI_INV/Home Inventory Export/Exported Photos/74C99520-6E80-4159-994E-E1B5F1DEC184.jpg",,,,,,,
BNC Female to RCA male,,,,NETWORKING & PERIPHERAL,STORAGE ROOM,(uncollected),Good,(unassigned),,2021-07-10,15000,1,15000,,,N03,"BNC Female to RCA male,/Users/phoenix/Desktop/RMI_INV/Home Inventory Export/Exported Photos/222D4E57-B983-41F0-A020-49315A586CAE.jpg",,,,,,,
BNC Male Right angel to BNC double female adaptor,,,,NETWORKING & PERIPHERAL,STORAGE ROOM,(uncollected),Good,(unassigned),,2021-02-17,20000,1,20000,,,N03,"BNC Male Right angel to BNC double female adaptor,/Users/phoenix/Desktop/RMI_INV/Home Inventory Export/Exported Photos/A40996B9-4780-4854-BED6-D1F0AFE814F9.jpg",,,,,,,
BNC To RCA,,,,NETWORKING & PERIPHERAL,STORAGE ROOM,(uncollected),Fair,(unassigned),,2021-08-06,80000,4,320000,,,N03,"BNC To RCA,/Users/phoenix/Desktop/RMI_INV/Home Inventory Export/Exported Photos/2E86213A-DCA4-47E3-86E4-E3B1F17575B2.jpg",,,,,,,
Buble Wrap,,,T13,TOOLS & SUPPLY,STORAGE ROOM,(uncollected),Good,(unassigned),,2020-04-04,20000,1,20000,,,,"Buble Wrap,/Users/phoenix/Desktop/RMI_INV/Home Inventory Export/Exported Photos/2F10D95E-C355-4992-9B6D-62C31ED0E338.jpg",,,,,,,
Cable 3.5 mm to RCA male,,A0101,,AUDIO,STORAGE ROOM,(uncollected),Fair,(unassigned),,2021-04-16,90000,2,180000,,"3.5 to RCA,Cable 3.5 mm to RCA male",,"Cable 3.5 mm to RCA male,/Users/phoenix/Desktop/RMI_INV/Home Inventory Export/Exported Photos/09B6183F-BED7-4B01-8174-0022D25B8D9C.jpg",,,,,,,
Cable 3.5mm male to XLR female,,,,AUDIO,STORAGE ROOM,(uncollected),Good,(unassigned),,2020-02-07,30000,4,120000,,Cable 3.5mm male to XLR female,A0102,"Cable 3.5mm male to XLR female,/Users/phoenix/Desktop/RMI_INV/Home Inventory Export/Exported Photos/24F4ED2D-3DA1-401C-A473-E73ED89110B0.jpg",,,,,,,
Cable 3.5mm male to XLR Male,,,,AUDIO,STORAGE ROOM,(uncollected),Good,(unassigned),,2020-06-03,20000,5,100000,,XLR male to 3.5mm male jack,A0102,"Cable 3.5mm male to XLR Male,/Users/phoenix/Desktop/RMI_INV/Home Inventory Export/Exported Photos/6C166BC2-AFCD-407F-9D31-D71CEC408367.jpg",,,,,,,
Cable 6.5 mm to Unidentified jack,Unidentified,,,AUDIO,STORAGE ROOM,(uncollected),Good,(unassigned),,2019-07-07,50000,1,50000,,,-,"jack 6.5 mm to Unidentified jack,/Users/phoenix/Desktop/RMI_INV/Home Inventory Export/Exported Photos/CC3ADA27-8482-4D30-B65A-47FA98AD7874.jpg",,,,,,,
Cable Akai Mono 6.5mm to 3.5mm  ( 2 ke 1 ),OWM,,,AUDIO,STORAGE ROOM,(uncollected),Good,(unassigned),,2020-03-20,40000,1,40000,,Cable Akai Mono 6.5mm to 3.5mm,A0102,"Cable Akai Mono 6.5mm to 3.5mm  ( 2 ke 1 ),/Users/phoenix/Desktop/RMI_INV/Home Inventory Export/Exported Photos/09DDF1C3-EC70-442D-971E-09EFD5C91F2E.jpg",,,,,,,
Cable Akai Mono 6.5mm to Akai mono 6.5mm,OWM,,,AUDIO,STORAGE ROOM,(uncollected),Fair,(unassigned),,2021-08-06,30000,2,60000,,,A0101,"Cable Akai Mono 6.5mm to Akai mono 6.5mm,/Users/phoenix/Desktop/RMI_INV/Home Inventory Export/Exported Photos/2987AC92-8804-4058-9A0A-63A6B2C13E7D.jpg",,,,,,,
Cable Akai Mono 6.5mm to RCA,,,,AUDIO,STORAGE ROOM,(uncollected),Good,(unassigned),,2020-06-21,45000,1,45000,,Cable Akai Mono 6.5mm to RCA,A0102,"Cable Akai Mono 6.5mm to RCA,/Users/phoenix/Desktop/RMI_INV/Home Inventory Export/Exported Photos/76C61181-695E-4BB3-8B4E-C181CB6759F9.jpg",,,,,,,
Cable Component To HDMI,,,,NETWORKING & PERIPHERAL,STORAGE ROOM,(uncollected),Fair,(unassigned),,2019-11-04,25000,1,25000,,,N0109,"Cable Component To HDMI,/Users/phoenix/Desktop/RMI_INV/Home Inventory Export/Exported Photos/DFAE2A4A-1705-4A01-9D4D-EC0C2937B31E.jpg",,,,,,,
Cable Displayport 1.5m,,,,NETWORKING & PERIPHERAL,STORAGE ROOM,(uncollected),Good,(unassigned),,2020-03-20,30000,1,30000,,,N0109,"Cable Displayport 1.5m,/Users/phoenix/Desktop/RMI_INV/Home Inventory Export/Exported Photos/8DDC7965-FCD0-4897-9CEA-1CE2B2D0ACF6.jpg",,,,,,,
Cable Displayport to HDMI male,,,,NETWORKING & PERIPHERAL,STORAGE ROOM,(uncollected),Good,(unassigned),,2020-07-01,25000,4,100000,,,N0109,"Cable Displayport to HDMI male,/Users/phoenix/Desktop/RMI_INV/Home Inventory Export/Exported Photos/6BBE576A-2662-470A-A857-ED8DEF6B1F10.jpg",,,,,,,
Cable DVI to DVI 18,,18 PIN,,NETWORKING & PERIPHERAL,STORAGE ROOM,(uncollected),Fair,(unassigned),,2019-09-02,30000,1,30000,,,N0109,"Cable DVI 18 pin 1.5m,/Users/phoenix/Desktop/RMI_INV/Home Inventory Export/Exported Photos/A6170EEE-44F6-4437-ABD5-8D41CBAE4484.jpg",,,,,,,
Cable DVI to DVI 24,,24 PIN,,NETWORKING & PERIPHERAL,STORAGE ROOM,(uncollected),Good,(unassigned),,2020-02-25,50000,6,300000,,,N0109,"Cable DVI to DVI 2m,/Users/phoenix/Desktop/RMI_INV/Home Inventory Export/Exported Photos/8E64D36F-55F8-472C-8EBE-1933DEAF2246.jpg",,,,,,,
Cable extention 3.5mm male to female,,,,AUDIO,STORAGE ROOM,(uncollected),Good,(unassigned),,2020-02-25,15000,2,30000,,,A0101,"Cable extention 3.5mm male to female,/Users/phoenix/Desktop/RMI_INV/Home Inventory Export/Exported Photos/7E0FC208-F342-4B05-896D-BA9CAAA8472B.jpg",,,,,,,
Cable firewire 400,,,,NETWORKING & PERIPHERAL,STORAGE ROOM,(uncollected),Good,(unassigned),,2019-12-06,50000,1,50000,,,N0110,"Cable firewire 400,/Users/phoenix/Desktop/RMI_INV/Home Inventory Export/Exported Photos/945467CB-E434-4A2D-A0C4-2D55B6E1C69F.jpg",,,,,,,
Cable Firewire 800 to firewire 800,,N0108,,NETWORKING & PERIPHERAL,STORAGE ROOM,(uncollected),Good,(unassigned),,2019-12-06,30000,3,90000,,,,"Cabel Firewire 800 to firewire 800,/Users/phoenix/Desktop/RMI_INV/Home Inventory Export/Exported Photos/D06EA8A0-01DE-4EA8-9F31-220B4217867F.jpg",,,,,,,
Cable HDMI,,"60cm,1.5m, 3m, 5m, 10m.",,NETWORKING & PERIPHERAL,STORAGE ROOM,(uncollected),Good,(unassigned),,2021-05-08,15000,13,195000,,,N0109,"Cable HDMI 5m,/Users/phoenix/Desktop/RMI_INV/Home Inventory Export/Exported Photos/4EEBCB67-AAAA-4196-AB01-5E100ABD2B5D.jpg",,,,,,,
Cable HDMI to DVI,,DVI 24 Pin & 18 Pin,,NETWORKING & PERIPHERAL,STORAGE ROOM,(uncollected),Fair,(unassigned),,2019-03-15,18000,4,72000,,,N0109,"Cable HDMI to DVI 24 Pin 1.5m,/Users/phoenix/Desktop/RMI_INV/Home Inventory Export/Exported Photos/6CD0B65D-75F0-4C42-8FA5-F3A28CB90D90.jpg",,,,,,,
Cable HDMI Vention,VENTION,2m,,NETWORKING & PERIPHERAL,STORAGE ROOM,(uncollected),Good,(unassigned),,2021-05-01,20000,1,20000,,,N0109,"Cable HDMI 2m,/Users/phoenix/Desktop/RMI_INV/Home Inventory Export/Exported Photos/F99851EE-359B-4D34-A29E-F128CAD17FDE.jpg",,,,,,,
Cable Listrik Serabut,Perdana,3 x 1.5 mm,,TOOLS & SUPPLY,STORAGE ROOM,(uncollected),Good,(unassigned),,2021-03-29,15000,1,15000,,,T0104,"Cable Listrik Serabut,/Users/phoenix/Desktop/RMI_INV/Home Inventory Export/Exported Photos/776B3005-D77A-4C2D-887E-C9B1E0034079.jpg",,,,,,,
Cable Listrik Tunggal,Supreme,"Tunggal  3 x 2,5 mm",,TOOLS & SUPPLY,STORAGE ROOM,(uncollected),Good,(unassigned),,2021-05-29,7000,1,7000,,,T0104,"Cable Listrik,/Users/phoenix/Desktop/RMI_INV/Home Inventory Export/Exported Photos/AC023603-FA2E-4F22-B2E5-AA95D5FB27E9.jpg",,,,,,,
"Cable Mini Display to HDMI Male 1,5 M",,,,NETWORKING & PERIPHERAL,STORAGE ROOM,(uncollected),Fair,(unassigned),,2021-05-05,50000,1,50000,,,N0109,"Cable Thunderbold to HDMI Male 15 M,/Users/phoenix/Desktop/RMI_INV/Home Inventory Export/Exported Photos/274549B7-B196-41F6-B348-BB1186E0ACDC.jpg",,,,,,,
Cable Mini Displayport to Display port,,1.5 M,,NETWORKING & PERIPHERAL,STORAGE ROOM,(uncollected),Good,(unassigned),,2021-10-09,300000,1,300000,,,N0109,"Cable Thunderbold to Display port  1.5 M,/Users/phoenix/Desktop/RMI_INV/Home Inventory Export/Exported Photos/261F1594-0865-49CD-8B54-599E1D279531.jpg",,,,,,,
CABLE PCI-E,,6PIN TO 8 PIN / 6 PIN,,TOOLS & SUPPLY,STORAGE ROOM,(uncollected),Good,(unassigned),,2020-08-16,30000,12,360000,,,T0111,"CABLE IDE TO PCI-E,/Users/phoenix/Desktop/RMI_INV/Home Inventory Export/Exported Photos/463A4286-0CCD-46FC-A5D5-1D6628A9270B.jpg,CABLE PCI-E,/Users/phoenix/Desktop/RMI_INV/Home Inventory Export/Exported Photos/AAA3B750-93B4-44FF-A6F3-1D451556C293.jpg",,,,,,,
Cable Power,,,,TOOLS & SUPPLY,STORAGE ROOM,(uncollected),Good,(unassigned),,2021-09-06,10000,18,180000,,,N0110,"Cable Power,/Users/phoenix/Desktop/RMI_INV/Home Inventory Export/Exported Photos/E398F909-ABDA-4FD3-802C-3094FD3EDE27.jpg",,,,,,,
CABLE RCA AUDIO,,,,AUDIO,STORAGE ROOM,(uncollected),Excellent,(unassigned),,2019-02-09,15000,2,30000,,"CABLE AUDIO,RCA AUDIO",A0101,"CABLE RCA AUDIO,/Users/phoenix/Desktop/RMI_INV/Home Inventory Export/Exported Photos/86BF6506-226C-4938-9E91-CE084319C1C9.jpg",,,,,,,
Cable RCA audio to XLR male,,,,AUDIO,STORAGE ROOM,(uncollected),Good,(unassigned),,2020-01-04,140000,2,280000,,RCA audio to XLR male,A0102,"Cable RCA audio to XLR male,/Users/phoenix/Desktop/RMI_INV/Home Inventory Export/Exported Photos/026C920F-4E53-4D8D-BD2F-DB7188FB5207.jpg",,,,,,,
Cable RCA to RCA,,"1.5m, 3m,",,NETWORKING & PERIPHERAL,STORAGE ROOM,(uncollected),Fair,(unassigned),,2019-01-18,10000,3,30000,,,N0109,"Cable RCA to RCA 3m,/Users/phoenix/Desktop/RMI_INV/Home Inventory Export/Exported Photos/6C35D6AE-7206-4CC1-B7A8-DDE64B530E4D.jpg",,,,,,,
CABLE SATA 3,,,,TOOLS & SUPPLY,STORAGE ROOM,(uncollected),Good,(unassigned),,2021-08-05,10000,2,20000,,,T0111,"CABLE SATA 3,/Users/phoenix/Desktop/RMI_INV/Home Inventory Export/Exported Photos/28579E24-96F4-4A2A-91F9-02C539ECE386.jpg",,,,,,,
Cable USB 2.0 EXTENTION,,"Type A, Type B",,NETWORKING & PERIPHERAL,STORAGE ROOM,(uncollected),Good,(unassigned),,2021-06-23,8000,11,88000,,,N0110,"Cable USB Standart kotak to USB 2,/Users/phoenix/Desktop/RMI_INV/Home Inventory Export/Exported Photos/37F4D8CE-7C94-4712-AE84-C4AE8F9DDC53.jpg,Cable USB mini to USB 2,/Users/phoenix/Desktop/RMI_INV/Home Inventory Export/Exported Photos/85D1A93A-DFEB-4288-9BCB-639AF37E76B4.jpg,Cable USB EXTENTION,/Users/phoenix/Desktop/RMI_INV/Home Inventory Export/Exported Photos/1FF4D70B-D920-470F-BDE7-D9172DD61236.jpg,Cable USB 3 HDD black,/Users/phoenix/Desktop/RMI_INV/Home Inventory Export/Exported Photos/1902FA3F-15DC-4471-8EDD-9C6B4E5763DD.jpg",,,,,,,
Cable usb to usb kotak,,,,AUDIO,STORAGE ROOM,(uncollected),Excellent,(unassigned),,2019-02-09,80000,3,240000,,"usb kotak,usb to usb kotak",A0101,"Cable usb to usb kotak,/Users/phoenix/Desktop/RMI_INV/Home Inventory Export/Exported Photos/850C4C25-3EAC-4884-AD17-42B2B44FDDED.jpg",,,,,,,
Cable UTP Cat 5 & 5E,,,,NETWORKING & PERIPHERAL,STORAGE ROOM,(uncollected),Fair,(unassigned),,2019-01-18,20000,14,280000,,,N0109,"Cable UTP Cat 5 & 5E,/Users/phoenix/Desktop/RMI_INV/Home Inventory Export/Exported Photos/E6FB70A1-D636-45D2-AD83-79494F271801.jpg",,,,,,,
Cable UTP Cat 6,Vention,,,NETWORKING & PERIPHERAL,STORAGE ROOM,(uncollected),Good,(unassigned),,2019-12-06,75000,8,600000,,,N0109,"Cable UTP Cat 6,/Users/phoenix/Desktop/RMI_INV/Home Inventory Export/Exported Photos/41D90070-B199-46B2-9072-8A0ED2629FBC.jpg",,,,,,,
Cable UTP Cat 6,Telebit,50 m,,TOOLS & SUPPLY,STORAGE ROOM,(uncollected),Good,(unassigned),,2020-03-05,1000000,1,1000000,,,T0110,"Cable UTP Cat 6 10M,/Users/phoenix/Desktop/RMI_INV/Home Inventory Export/Exported Photos/F7E1B2D1-9E2E-4B2E-B12F-42A52ADB44B6.jpg",,,,,,,
Cable VGA,,,,NETWORKING & PERIPHERAL,STORAGE ROOM,(uncollected),Fair,(unassigned),,2019-04-12,15000,2,30000,,,N0109,"Cable VGA,/Users/phoenix/Desktop/RMI_INV/Home Inventory Export/Exported Photos/8B3C56F9-19EE-4DD5-81F5-C97C5AAE054D.jpg",,,,,,,
Cable XLR female to Akai Mono 6.5mm,,,,AUDIO,STORAGE ROOM,(uncollected),Good,(unassigned),,2019-03-03,85000,4,340000,,XLR Female to Akai 6.5,A0102,"Cable XLR female to Akai Mono 6.5mm,/Users/phoenix/Desktop/RMI_INV/Home Inventory Export/Exported Photos/67ECD271-0405-46A1-AB65-017826EAA701.jpg",,,,,,,
Cable XLR male to female,,,,AUDIO,STORAGE ROOM,(uncollected),Good,(unassigned),,2020-02-25,25000,3,75000,,Cable XLR male to female,A0101,"Cable XLR male to female,/Users/phoenix/Desktop/RMI_INV/Home Inventory Export/Exported Photos/4B1E4DDD-3BD9-4514-810A-B8D28328B55F.jpg",,,,,,,
CADDY HDD SSD / Mount Adapter Hdd,,,,TOOLS & SUPPLY,STORAGE ROOM,(uncollected),Good,(unassigned),,2019-01-05,55000,1,55000,,,T0708,"CADDY HDD SSD,/Users/phoenix/Desktop/RMI_INV/Home Inventory Export/Exported Photos/718A89D3-ABFD-4CC1-BE3C-CC2CA244055C.jpg",,,,,,,
CAR CHARGER HP,,HP OLD,,NETWORKING & PERIPHERAL,STORAGE ROOM,(uncollected),Good,(unassigned),,2020-05-07,35000,1,35000,,,N0512,"CAR CHARGER HP,/Users/phoenix/Desktop/RMI_INV/Home Inventory Export/Exported Photos/8DDF790C-38C1-487F-9903-E6A64311B968.jpg",,,,,,,
Card Reader,Sandisk,"Sandisk TS-RDF8W, Sandisk S21024",,CAMERA,BOARD,(uncollected),Good,(unassigned),,2020-06-10,312500,2,625000,,,C13,"Card Reader,/Users/phoenix/Desktop/RMI_INV/Home Inventory Export/Exported Photos/180D2D4D-BE32-4BC9-BB3F-C301FF85E00A.jpg,Card Reader,/Users/phoenix/Desktop/RMI_INV/Home Inventory Export/Exported Photos/82EADB36-1D92-4E69-8B39-20DCFF4BC4C5.jpg",,,,,,,
Carpet,,,,FURNITURE & APPLIANCES,All Room,(uncollected),Fair,(unassigned),,2019-02-16,15000,7,105000,,,F0215,"Carpet,/Users/phoenix/Desktop/RMI_INV/Home Inventory Export/Exported Photos/C939C533-F81C-4473-A843-D2C7BE01E85D.jpg,Carpet,/Users/phoenix/Desktop/RMI_INV/Home Inventory Export/Exported Photos/CA45D4D8-F1AA-4439-8475-DEB6E3E24E14.jpg",,,,,,,"21/08/19 2 MUSHOLA
3 SUITE ROOM
1 REST ROOM 1 BOARD ROOM"
CHAIR,,,,FURNITURE & APPLIANCES,All Room,(uncollected),Good,(unassigned),,2021-01-08,10000,20,200000,,,F0404,"Plastick chair,/Users/phoenix/Desktop/RMI_INV/Home Inventory Export/Exported Photos/4869C8A1-E834-400D-8460-43B1AF1C4156.jpg,Big Chair,/Users/phoenix/Desktop/RMI_INV/Home Inventory Export/Exported Photos/486B463D-2D2A-4B60-AE02-3CF07B9F133E.jpg,CHAIR,/Users/phoenix/Desktop/RMI_INV/Home Inventory Export/Exported Photos/348B008B-761B-4DE0-A339-44502508F0A4.jpg,CHAIR,/Users/phoenix/Desktop/RMI_INV/Home Inventory Export/Exported Photos/D2EADA46-CE54-4F35-9C90-3990F74E7581.jpg,CHAIR,/Users/phoenix/Desktop/RMI_INV/Home Inventory Export/Exported Photos/2F4776B5-C031-4039-8D54-6DDEE862BF16.jpg,CHAIR,/Users/phoenix/Desktop/RMI_INV/Home Inventory Export/Exported Photos/FAC55149-6627-4545-AFE7-78DFDF47B8D3.jpg,CHAIR,/Users/phoenix/Desktop/RMI_INV/Home Inventory Export/Exported Photos/933ACB11-583A-48E1-87AB-F4B95D5E1F80.jpg",,,,,,,
Cleaner Spray,"Dust Off, Scotch",,,TOOLS & SUPPLY,STORAGE ROOM,(uncollected),Good,(unassigned),,2021-05-28,15000,1,15000,,,T0611,"Cleaner Spray,/Users/phoenix/Desktop/RMI_INV/Home Inventory Export/Exported Photos/82EEDEC9-2E13-4D63-A04D-4C1D38CA894F.jpg,Cleaner Spray,/Users/phoenix/Desktop/RMI_INV/Home Inventory Export/Exported Photos/A50C9A97-1CD4-4AC5-A574-FF3A09DEDC50.jpg",,,,,,,
Cleaning Tools,,,,FURNITURE & APPLIANCES,STORAGE ROOM,(uncollected),Good,(unassigned),,2021-09-23,15000,2,30000,,,FA03,"TRASH CAN,/Users/phoenix/Desktop/RMI_INV/Home Inventory Export/Exported Photos/A29A7541-0378-440D-9AA1-4BADD5A408C7.jpg,#apu Pengki Mini,/Users/phoenix/Desktop/RMI_INV/Home Inventory Export/Exported Photos/7005457C-E0E8-4DF9-A068-73B48AD2DD96.jpg",,,,,,,"19/08/19 1 TRASH CAN
1 Mini Broom / sapu"
COLOR FILE BOOK,Cemani Toka,,,NETWORKING & PERIPHERAL,STORAGE ROOM,(uncollected),Poor,(unassigned),,2019-05-01,80000,1,80000,,,N07,"COLOR FILE BOOK,/Users/phoenix/Desktop/RMI_INV/Home Inventory Export/Exported Photos/F4CDD314-B77B-4E94-AC35-22B8B566A110.jpg",,,,,,,
Conector RCA soket female,,,,TOOLS & SUPPLY,STORAGE ROOM,(uncollected),Good,(unassigned),,2019-12-06,50000,1,50000,,,T03,"RCA soket female,/Users/phoenix/Desktop/RMI_INV/Home Inventory Export/Exported Photos/80C41EC9-38FB-46E4-88F5-1A4C4E42DAA0.jpg",,,,,,,
Connect Station,Canon CS 100,Canon CS 100,40050004194,NETWORKING & PERIPHERAL,BOARD,(uncollected),Excellent,(unassigned),,2020-01-25,500000,1,500000,,,N17,"Connect Station,/Users/phoenix/Desktop/RMI_INV/Home Inventory Export/Exported Photos/9AD460D2-D60B-4989-9AD6-286A1E1E154B.jpg",,,,,,,
Connector RCA Male,,,,TOOLS & SUPPLY,STORAGE ROOM,(uncollected),Good,(unassigned),,2021-05-18,10000,8,80000,,,T03,"RCA Male Connector,/Users/phoenix/Desktop/RMI_INV/Home Inventory Export/Exported Photos/82F3E845-F910-4B71-9383-2A14AF98ED92.jpg,RCA Male Connector,/Users/phoenix/Desktop/RMI_INV/Home Inventory Export/Exported Photos/1D1EAB8A-5BA5-47F4-8D64-E8AF98384924.jpg",,,,,,,
Connector RJ45,,,,TOOLS & SUPPLY,STORAGE ROOM,(uncollected),Good,(unassigned),,2021-06-30,5000,100,500000,,,T0310,"Connector RJ45,/Users/phoenix/Desktop/RMI_INV/Home Inventory Export/Exported Photos/269CBB03-F61C-45AA-931C-8D7540C9E9FB.jpg",,,,,,,
Converter HDMI TO SDI,NETLINE,,,NETWORKING & PERIPHERAL,STORAGE ROOM,(uncollected),Good,(unassigned),,2020-04-15,150000,2,300000,,,N0910,"Converter HDMI TO SDI,/Users/phoenix/Desktop/RMI_INV/Home Inventory Export/Exported Photos/A947DF5E-1B22-479B-847B-C94B2BDAF105.jpg",,,,,,,
CONVERTER MICRO,BLACKMAGIC DESIGN,HADMI TO SDI,3635195,NETWORKING & PERIPHERAL,SUITE,(uncollected),Good,(unassigned),,2021-09-19,150000,2,300000,,,N0903,"CONVERTER MICRO,/Users/phoenix/Desktop/RMI_INV/Home Inventory Export/Exported Photos/DF3D3BAA-E0E7-4234-832E-626150FCD66C.jpg",,,,,,,05/07/19 1 masih segel belom buka dus
CONVERTER MICRO HDMI Thunderbold,BLACKMAGIC DESIGN,"HDMI IN, SDI IN TO THUNDERBOLT",,NETWORKING & PERIPHERAL,SUITE,(uncollected),Good,(unassigned),,2020-05-19,1300000,1,1300000,,,N0903,"CONVERTER MICRO,/Users/phoenix/Desktop/RMI_INV/Home Inventory Export/Exported Photos/975417B3-EBE2-41A8-96E6-59658DA738A8.jpg",,,,,,,
CONVERTER THUNDERBOLT TO ETHERNET,Promise Technology SanLink 2,,SQ006C036077 - SQ006C036082,NETWORKING & PERIPHERAL,SUITE,(uncollected),Good,(unassigned),,2020-02-05,150000,2,300000,,,N0911,"CONVERTER THUNDERBOLT TO ETHERNET,/Users/phoenix/Desktop/RMI_INV/Home Inventory Export/Exported Photos/ECAC8A65-4EBB-47E9-9E68-7BE8AFA85B9E.jpg,CONVERTER THUNDERBOLT TO ETHERNET,/Users/phoenix/Desktop/RMI_INV/Home Inventory Export/Exported Photos/69FF4935-9682-4DFE-B125-0E4E4B6DA034.jpg",,,,,,,
COOLING FAN,,"230V, 240V INTERNAL",,TOOLS & SUPPLY,STORAGE ROOM,(uncollected),Good,(unassigned),,2021-01-14,1000000,6,6000000,,"COOLING,FANS,HEAT SINKS",T0411,"COOLING FAN,/Users/phoenix/Desktop/RMI_INV/Home Inventory Export/Exported Photos/4B9F8B3C-EC06-4B60-B429-808F05C7A625.jpg,Portable Fans,/Users/phoenix/Desktop/RMI_INV/Home Inventory Export/Exported Photos/AF952830-796D-44C2-92A6-2DE62F39DFCF.jpg,WALL FANS,/Users/phoenix/Desktop/RMI_INV/Home Inventory Export/Exported Photos/3FB42EC6-1E35-4BA7-834C-C5ED795E6C69.jpg",,,,,,,"21/08/19 1 AUDIO ROOM  3 CO-WORKING ROOM 1 WORKSTATION
1 BOARD ROOM"
CrossFire bridge connector,MSI,,,TOOLS & SUPPLY,STORAGE ROOM,(uncollected),Good,(unassigned),,2020-05-28,93000,1,93000,,,T0311,"CrossFire bridge connector,/Users/phoenix/Desktop/RMI_INV/Home Inventory Export/Exported Photos/5AC1E8E5-D4F8-4599-9F09-CC2DCD5B6FA3.jpg",,,,,,,
Cutting Mat,,,,TOOLS & SUPPLY,CO-WORKING,(uncollected),Good,(unassigned),,2021-09-23,12500,1,12500,,,T10,"Cutting Mat,/Users/phoenix/Desktop/RMI_INV/Home Inventory Export/Exported Photos/FD958DFB-6D63-48E4-A5F0-05EBAB71866A.jpg",,,,,,,
DECEPTICON IMAC,APPLE,IMAC,C02HC8VCDHJP,WORKSTATION,CO-WORKING,(uncollected),Excellent,(unassigned),,2019-02-06,11500000,1,11500000,,,W0501,"DECEPTICON IMAC,/Users/phoenix/Desktop/RMI_INV/Home Inventory Export/Exported Photos/C91BADBD-628C-473D-A7B0-4C579AA5B90C.jpg,DECEPTICON IMAC,/Users/phoenix/Desktop/RMI_INV/Home Inventory Export/Exported Photos/F35816B7-7117-47F1-A75F-726CD6E261C5.jpg",,,,,,,
DECEPTICON KEYBOARD,Apple,Keyboard W Numerik,,WORKSTATION,CO-WORKING,(uncollected),Good,(unassigned),,2019-04-14,1300000,1,1300000,,,W1001,"DECEPTICON KEYBOARD,/Users/phoenix/Desktop/RMI_INV/Home Inventory Export/Exported Photos/AC7E7140-A326-47CF-83B3-06806D4B1586.jpg",,,,,,,
DECEPTICON PREVIEW TV,SAMSUNG,"42""",,WORKSTATION,SUITE,(uncollected),Excellent,(unassigned),,2020-02-13,1500000,1,1500000,,,W14,"DECEPTICON PREVIEW TV,/Users/phoenix/Desktop/RMI_INV/Home Inventory Export/Exported Photos/A7295AFD-A536-4D57-BF99-95C14D99DB07.jpg",,,,,,,
Decklink CARD,BLACKMAGIC DESIGN,Mini Monitor 4k,,NETWORKING & PERIPHERAL,SUITE,(uncollected),Excellent,(unassigned),,2020-06-28,4500000,1,4500000,,,N13,"Decklink CARD,/Users/phoenix/Desktop/RMI_INV/Home Inventory Export/Exported Photos/D4C1EFFC-635B-444F-8D4B-38669C06525B.jpg",,,,,,,
DESKS / TABLE,"Powell, custume orange",,,FURNITURE & APPLIANCES,All Room,(uncollected),Good,(unassigned),,2021-03-05,258000,11,2838000,,,F0401,"Desks,/Users/phoenix/Desktop/RMI_INV/Home Inventory Export/Exported Photos/B2917B68-1496-4A49-9A01-CFAA3877A40C.jpg,Desks,/Users/phoenix/Desktop/RMI_INV/Home Inventory Export/Exported Photos/B773FE9B-3977-4F87-9A7D-EEDD30B0A171.jpg,Desks,/Users/phoenix/Desktop/RMI_INV/Home Inventory Export/Exported Photos/AAA5DE0D-C727-4BD4-9EAD-F84096E22406.jpg,DESKS / TABLE,/Users/phoenix/Desktop/RMI_INV/Home Inventory Export/Exported Photos/13583640-ADD6-409E-9C4F-4B8C92191BEC.jpg,DESKS / TABLE,/Users/phoenix/Desktop/RMI_INV/Home Inventory Export/Exported Photos/6E492BFC-2BC8-4652-9FDC-B587B38BA0F3.jpg",,,,,,,
DOORMAT,"KESET MIE,",,,FURNITURE & APPLIANCES,All Room,(uncollected),Good,(unassigned),,2021-05-02,20000,9,180000,,#KESET,F03,"DOORMAT,/Users/phoenix/Desktop/RMI_INV/Home Inventory Export/Exported Photos/7523D1E7-1316-422B-8E89-735A8D707373.jpg",,,,,,,
Dry Cabinet,Techno,TN 550 50L,,CAMERA,BOARD,(uncollected),Good,(unassigned),,2020-02-15,3600000,1,3600000,,#drybox,C14,"Dry Box Cabinet,/Users/phoenix/Desktop/RMI_INV/Home Inventory Export/Exported Photos/249791D2-411D-4CB8-AFC4-4ED3F9AB0A08.jpg",,,,,,,
DSLR CAMERA,Canon,300D,1230407291,CAMERA,BOARD,(uncollected),Excellent,(unassigned),,2020-02-08,2600000,1,2600000,,,C0201,"DSLR CAMERA,/Users/phoenix/Desktop/RMI_INV/Home Inventory Export/Exported Photos/2217B05C-93D3-4149-9A32-920DFC845B2D.jpg",,,,,,,
EASYCAP Video capture RCA to USB,,,,NETWORKING & PERIPHERAL,STORAGE ROOM,(uncollected),Good,(unassigned),,2019-07-30,53000,1,53000,,,N0909,"EASYCAP Video capture RCA to USB,/Users/phoenix/Desktop/RMI_INV/Home Inventory Export/Exported Photos/0D576124-8021-4EDC-877D-5F33734D3920.jpg",,,,,,,
Electrical Blower,"DCA, Stanley",,,FURNITURE & APPLIANCES,STORAGE ROOM,(uncollected),Good,(unassigned),,2019-02-14,375000,2,750000,,,F0305,"Electrical Blower,/Users/phoenix/Desktop/RMI_INV/Home Inventory Export/Exported Photos/F2C4D989-3A4E-443E-AFA2-C07868158D71.jpg,Electrical Blower,/Users/phoenix/Desktop/RMI_INV/Home Inventory Export/Exported Photos/0ADB418A-899F-472A-BE48-2C76A5689A88.jpg",,,,,,,
ELGATO- Thunderbolt 2 Dock,Elgato,,"TR43E2AX1137, TR43E2AX11699",WORKSTATION,BOARD,(uncollected),Good,(unassigned),,2020-06-19,2400000,2,4800000,,,W13,"PHOENIX - Thunderbolt 2 Dock,/Users/phoenix/Desktop/RMI_INV/Home Inventory Export/Exported Photos/92194257-3A9A-469A-BE8A-A4E8381847C9.jpg,ELGATO- Thunderbolt 2 Dock,/Users/phoenix/Desktop/RMI_INV/Home Inventory Export/Exported Photos/C4FFC9C0-7A18-4480-BD15-626EB1654828.jpg",,,,,,,"05/07/19 LOCATION DI BOARD 1, di Suite 1"
Exhaust Fan,"BLOWER, FAN",,,FURNITURE & APPLIANCES,All Room,(uncollected),Good,(unassigned),,2020-01-04,145000,6,870000,,,F0413,"Exhaust Fan wall,/Users/phoenix/Desktop/RMI_INV/Home Inventory Export/Exported Photos/AC2F27EA-A1AB-4D6B-8D3B-FC292C706F54.jpg,Exhaust Fan,/Users/phoenix/Desktop/RMI_INV/Home Inventory Export/Exported Photos/8DD8967C-9966-4A08-A0E3-235A0C4394A0.jpg",,,,,,,"21/08/19 1 AUDIO ROOM 1 STORAGE ROOM 2 SUITE ROOM
2 BOARD ROOM"
EXTENTION CABLE,KRISBOW,,,NETWORKING & PERIPHERAL,STORAGE ROOM,(uncollected),Good,(unassigned),,2021-05-28,150000,2,300000,,,N0104,"EXTENTION CABLE,/Users/phoenix/Desktop/RMI_INV/Home Inventory Export/Exported Photos/00E37E6F-EF54-4CCA-BF1E-A2DFB745C509.jpg",,,,,,,
FILTER LAMPU ( CTO & CTB ),,,,LIGHTING,STORAGE ROOM,(uncollected),Good,(unassigned),,2019-04-04,30000,68,2040000,,,L03,"FILTER LAMPU ( CTO & CTB ),/Users/phoenix/Desktop/RMI_INV/Home Inventory Export/Exported Photos/435BD15D-7F6B-4566-A6F8-A41078B9535B.jpg,FILTER LAMPU ( CTO & CTB ),/Users/phoenix/Desktop/RMI_INV/Home Inventory Export/Exported Photos/6F63E1CF-04C6-4B89-9663-9CFEE0FF3B8C.jpg",,,,,,,"20/08/19 Small :
BIRU : 6
ORANGE : 16
WHITE : 18
BLACK 2
RED : 1

Long :
BIRU : 6
ORANGE : 8
WHITE : 3
BLACK : 6
RED : 1
GREEN : 1

KARTON : HITAM : 2 Bundel
WHITE : 1 Bundel"
FIRE & ICE,hp compaq elite 8300 SFF,,,WORKSTATION,LOUNGE,(uncollected),Good,(unassigned),,2020-02-25,3500000,1,3500000,,,W0102,"FIRE & ICE CPU,/Users/phoenix/Desktop/RMI_INV/Home Inventory Export/Exported Photos/978988EB-EB39-44B9-A4E9-A1332AD73FBF.jpg,FIRE & ICE,/Users/phoenix/Desktop/RMI_INV/Home Inventory Export/Exported Photos/FE84748B-8A87-43A7-891C-B90551376DFA.jpg",,,,,,,
FIRE & ICE KEYBOARD,HP SK 6533 USB,,,WORKSTATION,LOUNGE,(uncollected),Good,(unassigned),,2019-08-09,75000,2,150000,,,W1002,"FIRE & ICE KEYBOARD,/Users/phoenix/Desktop/RMI_INV/Home Inventory Export/Exported Photos/F8DC658A-8853-4A2D-9F90-9886172EF505.jpg",,,,,,,
FIRE & ICE LED MONITOR,Dell E2016HV,,,WORKSTATION,LOUNGE,(uncollected),Excellent,(unassigned),,2020-12-04,550000,2,1100000,,,W0203,"LED MONITOR,/Users/phoenix/Desktop/RMI_INV/Home Inventory Export/Exported Photos/A6F1C395-C796-4BC2-8276-006FB9CD5803.jpg",,,,,,,
FIRE & ICE LOUD SPEAKERS,Logitec Z50,,,AUDIO,LOUNGE,(uncollected),Good,(unassigned),,2020-09-20,400000,1,400000,,,A05,"speaker,/Users/phoenix/Desktop/RMI_INV/Home Inventory Export/Exported Photos/9D1D0A8F-08B3-48C3-B6CC-39EF4942C8CC.jpg",,,,,,,
FLASH,"Canon Speedlite, canon link DS401061",600ex ii,,CAMERA,BOARD,(uncollected),Excellent,(unassigned),,2019-12-05,9790000,1,9790000,,,C11,"FLASH,/Users/phoenix/Desktop/RMI_INV/Home Inventory Export/Exported Photos/3B887CA3-A79D-4EB0-8CF1-4B2ECC0D43CF.jpg,FLASH,/Users/phoenix/Desktop/RMI_INV/Home Inventory Export/Exported Photos/7F43AD1B-152C-4D9B-B80E-6A48E9F8CDEE.jpg",,,,,,,
Foam Mattress,,,,FURNITURE & APPLIANCES,BEDROOM,(uncollected),Good,(unassigned),,2019-05-05,800000,12,9600000,,,F0207,"Foam Mattress,/Users/phoenix/Desktop/RMI_INV/Home Inventory Export/Exported Photos/707800CB-C597-4C27-AD6B-B95972E80869.jpg",,,,,,,"30/07/19 Kasur Busa 2 bh
Bantal guling 10 bh"
FOG MACHINE,,FM-002,,LIGHTING,STORAGE ROOM,(uncollected),Excellent,(unassigned),,2020-12-18,1000000,1,1000000,,,L02,"FOG MACHINE,/Users/phoenix/Desktop/RMI_INV/Home Inventory Export/Exported Photos/67B7AAAD-1BBB-4F9D-A8AD-EBC8B965928B.jpg",,,,,,,
FOLDING TABLE,KRISBOW,,,FURNITURE & APPLIANCES,All Room,(uncollected),Good,(unassigned),,2021-08-04,800000,3,2400000,,,F0419,"FOLDING TABLE,/Users/phoenix/Desktop/RMI_INV/Home Inventory Export/Exported Photos/69A45164-E7C7-443E-8700-D830348668EB.jpg,FOLDING TABLE,/Users/phoenix/Desktop/RMI_INV/Home Inventory Export/Exported Photos/27B41E8A-366E-4CCD-A694-D7DF1D93D6D7.jpg",,,,,,,"21/08/19 2 KRISBOW
1 No Name"
FRONT CASING CPU,,,,TOOLS & SUPPLY,STORAGE ROOM,(uncollected),Fair,(unassigned),,2019-06-17,300000,1,300000,,,T0411,"FRONT CASING CPU,/Users/phoenix/Desktop/RMI_INV/Home Inventory Export/Exported Photos/2AAE50A6-15EC-4A56-AEEC-89F2A284F159.jpg",,,,,,,
GPU,"NVIDIA, AMD RADEON, AJA","QUADRO 4000, FX3700, GT 8800, GT 640, AJA G84315, RADEON 7770 Ghz",,TOOLS & SUPPLY,STORAGE ROOM,(uncollected),Excellent,(unassigned),,2020-02-13,1500000,6,9000000,,"GPU,PCI,VGA",T0411,"GPU,/Users/phoenix/Desktop/RMI_INV/Home Inventory Export/Exported Photos/A1EEB8BC-C57C-40E3-BD90-993028999054.jpg",,,,,,,
Handy Talky,Baofeing  BF - 888S,,,NETWORKING & PERIPHERAL,BOARD,(uncollected),Fair,(unassigned),,2020-02-17,150000,4,600000,,,N21,"Handy Talky,/Users/phoenix/Desktop/RMI_INV/Home Inventory Export/Exported Photos/F8ACB575-8CAB-46D9-8EA0-2888770A80E6.jpg,Handy Talky,/Users/phoenix/Desktop/RMI_INV/Home Inventory Export/Exported Photos/46CD1804-B3EF-4D76-BB8D-EE71ED3123E3.jpg",,,,,,,
HandyCam,SAMSUNG,vp-d103i,,CAMERA,STORAGE ROOM,(uncollected),Excellent,(unassigned),,2020-02-29,1250000,1,1250000,,,C04,"HandyCam,/Users/phoenix/Desktop/RMI_INV/Home Inventory Export/Exported Photos/E16D82A1-E25D-46B4-8DB4-034639F4F6A4.jpg",,,,,,,
HDD EXTERNAL 2.5 ( 2 TB < ),TRANSCEND 2TB & LACIE 1TB,,"Transcend : D12043 0106 - LACIE 1TB : NL32711D, LACIE 2TB NL3158JS",STORAGE,SUITE,(uncollected),Good,(unassigned),,2021-05-20,600000,3,1800000,,,S020204,"HDD 2.5 EXTERNAL 2 TB >,/Users/phoenix/Desktop/RMI_INV/Home Inventory Export/Exported Photos/3DFFB609-D77F-44D8-8C98-4343E4B99CFA.jpg,HDD 2.5 EXTERNAL 2 TB >,/Users/phoenix/Desktop/RMI_INV/Home Inventory Export/Exported Photos/874DAC07-2890-4AD9-A215-98A95CE48025.jpg,HDD EXTERNAL 2.5 ( 2 TB < ),/Users/phoenix/Desktop/RMI_INV/Home Inventory Export/Exported Photos/C79DB845-B585-4256-9464-04C7E9108462.jpg",,,,,,,16/08/19 File List Per Hdd ada di Disk Catalogue Maker Nama File : HDD CATALOG RM
HDD EXTERNAL 3.5 ( 2 TB < ),"Lacie d2 Quadra v2, WD MY BOOK , Toshiba Canvio Desk, WD, Toshiba Canvio Desk, SEAGATE Expansion Desk,",,"Lacie d2 Quadra v2 : 16031404150185GHK, 16031308100020G, 15231304270957G, 15231305152902G - WD MY BOOK : WCAZAE8000785, WMAZA7755795 - WD MY BOOK STUDIO : WMAZA6011825 - WD : WCAZA9950838 - Toshiba Canvio Desk : 5W02XVLL - SEAGATE  Expansion Desk : NA4M7Y7V",STORAGE,SUITE,(uncollected),Fair,(unassigned),,2019-11-28,190000,10,1900000,,,S010104,"HDD 3.5 EXTERNAL 2 TB >,/Users/phoenix/Desktop/RMI_INV/Home Inventory Export/Exported Photos/27A3F75B-F8DC-460D-80B7-7A35C794638B.jpg,HDD 3.5 EXTERNAL 2 TB >,/Users/phoenix/Desktop/RMI_INV/Home Inventory Export/Exported Photos/B8EC4797-2D77-4D22-9A2A-DC0396B067CD.jpg,HDD 3.5 EXTERNAL 2 TB >,/Users/phoenix/Desktop/RMI_INV/Home Inventory Export/Exported Photos/2615B738-70F9-4567-98C3-5F3E931DD52E.jpg,HDD 3.5 EXTERNAL 2 TB >,/Users/phoenix/Desktop/RMI_INV/Home Inventory Export/Exported Photos/B5080556-CF9B-4D6A-9A8F-AA910B5B3FED.jpg,HDD 3.5 EXTERNAL 2 TB >,/Users/phoenix/Desktop/RMI_INV/Home Inventory Export/Exported Photos/DC00BECA-BC5C-4B5B-9718-BA27BB1E60F0.jpg,HDD 3.5 EXTERNAL 2 TB >,/Users/phoenix/Desktop/RMI_INV/Home Inventory Export/Exported Photos/56B61623-250C-4BE8-88BD-DD754C0E709F.jpg,HDD 3.5 EXTERNAL 2 TB >,/Users/phoenix/Desktop/RMI_INV/Home Inventory Export/Exported Photos/0491741C-B0EF-451B-BB90-AD6C2B97DABC.jpg,HDD 3.5 EXTERNAL 2 TB >,/Users/phoenix/Desktop/RMI_INV/Home Inventory Export/Exported Photos/F294E0EE-9628-4AE3-BC81-5B5E0930700A.jpg,HDD 3.5 EXTERNAL 2 TB >,/Users/phoenix/Desktop/RMI_INV/Home Inventory Export/Exported Photos/58926EC8-DB13-4FDF-9782-B8DDE9DFC567.jpg,HDD EXTERNAL 3.5 ( 2 TB < ),/Users/phoenix/Desktop/RMI_INV/Home Inventory Export/Exported Photos/857BB19A-6D70-4BFF-BDBE-55295F6016B0.jpg",,,,,,,
HDD EXTERNAL 3.5 ( 8 TB ),"G-Technology Thunderbolt, SEAGATE BACKUP + HUB BK, WD MY Book Pro","G-DRIVE WR, SKUBP, WD MY Book Pro",G-DRIVE : R6GGA6LY - SEAGATE : NA8TXWZJ - WD MY Book Pro : WUE261800015,STORAGE,SUITE,(uncollected),Excellent,(unassigned),,2019-03-05,2600000,3,7800000,,,S010102,"HDD 3.5 EXTERNAL 8 TB,/Users/phoenix/Desktop/RMI_INV/Home Inventory Export/Exported Photos/62F8D404-25AC-4D7E-BF17-C8C11FA331D8.jpg,HDD 3.5 EXTERNAL 8 TB,/Users/phoenix/Desktop/RMI_INV/Home Inventory Export/Exported Photos/DB9C59C7-96EC-4F47-84CE-4792A8016610.jpg,HDD 3.5 EXTERNAL 8 TB,/Users/phoenix/Desktop/RMI_INV/Home Inventory Export/Exported Photos/A40E3DA1-EC6C-48E7-AC7D-241E55DC6DC1.jpg",,,,,,,
HDD EXTERNAL 3.5 CLOUD ( 2TB ),WESTERN DIGITAL ( WD ),CLOUD,WCC4E3XCPDAK,STORAGE,CO-WORKING,(uncollected),Excellent,(unassigned),,2019-08-27,2500000,1,2500000,,"HDD CLOUD,WD",S010101,"HDD EXTERNAL 3.5 CLOUD ( 2TB ),/Users/phoenix/Desktop/RMI_INV/Home Inventory Export/Exported Photos/C8CD68F1-3E2F-4A98-9F33-DB96B8BEDB42.jpg",,,,,,,29/03/19 No Power Adapter
HDD INTERNAL 3.5 ( 2 TB < ),"SEAGATE BARRACUDA, WD CAVIAR GREEN, WD CAVIAR BLUE,",,"SB 2TB : W1E4CA9B - SB 250 GB : 6RYCBQC4, 5QE3GT2W - SB 500GB : S2A3DN4Z - WD GREEN 2TB :  WCAZAH949326, WMAZ20141830,  WMAZA4315685  - WD GREEN 1.5 TB : WCAVY4347127 - WD GREEN 1 TB : WCAV5H683058, WD BLUE 1TB : WCATR4214595",STORAGE,SUITE,(uncollected),Fair,(unassigned),,2021-05-22,85000,10,850000,,,S020104,"HDD 3.5 INTERNAL 2 TB <,/Users/phoenix/Desktop/RMI_INV/Home Inventory Export/Exported Photos/035DFE3F-F2F6-4D8A-A82F-C85EDB187192.jpg,HDD 3.5 INTERNAL 2 TB <,/Users/phoenix/Desktop/RMI_INV/Home Inventory Export/Exported Photos/91F369CF-1F98-48B9-B194-A97D6BB40470.jpg,HDD 3.5 INTERNAL 2 TB <,/Users/phoenix/Desktop/RMI_INV/Home Inventory Export/Exported Photos/FE0E7D9A-2B98-4C54-AD1C-654CE7B4DCA3.jpg,HDD 3.5 INTERNAL 2 TB <,/Users/phoenix/Desktop/RMI_INV/Home Inventory Export/Exported Photos/04BEDA3A-34EB-4B8F-879E-5F88721879C1.jpg,HDD 3.5 INTERNAL 2 TB <,/Users/phoenix/Desktop/RMI_INV/Home Inventory Export/Exported Photos/17C2A242-C8AF-4DE3-9AFF-7C3E2C40F4FC.jpg,HDD 3.5 INTERNAL 2 TB <,/Users/phoenix/Desktop/RMI_INV/Home Inventory Export/Exported Photos/6C0F08B0-D069-4123-A0F4-AAC294A19F42.jpg,HDD 3.5 INTERNAL 2 TB <,/Users/phoenix/Desktop/RMI_INV/Home Inventory Export/Exported Photos/BCD3B374-C5D9-4EDC-AEBF-A57D2D890A02.jpg,HDD 3.5 INTERNAL 2 TB <,/Users/phoenix/Desktop/RMI_INV/Home Inventory Export/Exported Photos/7F97B256-31CD-49C6-B774-A5B8CE489869.jpg,HDD 3.5 INTERNAL 2 TB <,/Users/phoenix/Desktop/RMI_INV/Home Inventory Export/Exported Photos/8C198C26-72B3-49E9-8C14-CF77CFCDCA88.jpg,HDD 3.5 INTERNAL 2 TB <,/Users/phoenix/Desktop/RMI_INV/Home Inventory Export/Exported Photos/32839449-3BD6-4781-9506-62F8A1343165.jpg",,,,,,,
HDD INTERNAL 3.5 ( 4 TB ),Seagate Barracuda,"RM4TB, TROJAN 4TB, DATA OUTPOST 01, DATA POST03, DATA POST",RM4TB : Z97064EV - TROJAN 4TB : Z97063L1 - DATA OUTPOST 01 : Z970628K - DATA POST03 : ZFN004JS - DATA POST : ZFN004V7,STORAGE,SUITE,(uncollected),Good,(unassigned),,2021-10-31,280000,5,1400000,,,S020103,"HDD 3.5 INTERNAL 4 TB,/Users/phoenix/Desktop/RMI_INV/Home Inventory Export/Exported Photos/8C13CA01-EEB4-405B-9BE7-DF4E926857D9.jpg,HDD 3.5 INTERNAL 4 TB,/Users/phoenix/Desktop/RMI_INV/Home Inventory Export/Exported Photos/E468F801-1E37-40D7-A8D9-0759CA26461D.jpg,HDD 3.5 INTERNAL 4 TB,/Users/phoenix/Desktop/RMI_INV/Home Inventory Export/Exported Photos/CEF7556D-8C5A-45F2-88A8-FA02C39823A7.jpg,HDD 3.5 INTERNAL 4 TB,/Users/phoenix/Desktop/RMI_INV/Home Inventory Export/Exported Photos/8F9AAFEB-9EC9-409A-96D9-B3D19EC48951.jpg,HDD INTERNAL 3.5 ( 4 TB ),/Users/phoenix/Desktop/RMI_INV/Home Inventory Export/Exported Photos/2B58B88B-D923-452E-A5A6-90935C25B225.jpg",,,,,,,
HDD INTERNAL 3.5 ATA / IDE,"HITACHI DESKSTAR, SEAGATE BARRACUDA",,HITSCHI : S3UARD2M - SEAGATE BARRACUDA : 3ND1B04H,STORAGE,SUITE,(uncollected),Fair,(unassigned),,2021-06-14,75000,2,150000,,,S020106,"HDD INTERNAL 3.5 ATA / IDE,/Users/phoenix/Desktop/RMI_INV/Home Inventory Export/Exported Photos/E1BBD40C-5345-49A4-9780-96C2D91A0D6D.jpg,HDD INTERNAL 3.5 ATA / IDE,/Users/phoenix/Desktop/RMI_INV/Home Inventory Export/Exported Photos/7A2D8EE0-3850-4C67-8670-33E6ADBE51C4.jpg",,,,,,,
HDD INTERNAL 3.5 SAS,HP,,"HP 500 GB : 6SL8ENZJ, 6SL8F12W",STORAGE,SUITE,(uncollected),Good,(unassigned),,2021-02-13,900000,2,1800000,,,S020105,"HDD INTERNAL 3.5 SAS,/Users/phoenix/Desktop/RMI_INV/Home Inventory Export/Exported Photos/44E6E9E4-A8DC-4FCE-9B73-C2A73F943473.jpg,HDD INTERNAL 3.5 SAS,/Users/phoenix/Desktop/RMI_INV/Home Inventory Export/Exported Photos/EC28D91E-1F83-45EE-B829-A66D61DD0AC5.jpg",,,,,,,
HDMI SPLITER,,,,NETWORKING & PERIPHERAL,STORAGE ROOM,(uncollected),Good,(unassigned),,2020-12-12,25000,2,50000,,,N2009,"HDMI SPLITER,/Users/phoenix/Desktop/RMI_INV/Home Inventory Export/Exported Photos/866059AD-F898-4B2C-ABDC-4EEBAF73F722.jpg",,,,,,,
HYDRA - CPU,HP Z820,,SGH426R8T4,WORKSTATION,WORKSTATION,(uncollected),Excellent,(unassigned),,2019-08-28,31000000,1,31000000,,,W0102,"HYDRA - CPU,/Users/phoenix/Desktop/RMI_INV/Home Inventory Export/Exported Photos/C7FCEA85-1D3E-497B-9C6B-B93723A2EA39.jpg,HYDRA - CPU,/Users/phoenix/Desktop/RMI_INV/Home Inventory Export/Exported Photos/1574FC49-4EF0-4977-A6EA-96EE4053C2A5.jpg",,,,,,,
HYDRA - SOUND ADAPTER,ORICO,,,WORKSTATION,WORKSTATION,(uncollected),Fair,(unassigned),,2019-12-01,186000,1,186000,,,W07,"HYDRA - SOUND ADAPTER,/Users/phoenix/Desktop/RMI_INV/Home Inventory Export/Exported Photos/A32A3FFD-01B7-4D86-9D0A-2764B1588668.jpg",,,,,,,
HYDRA - UPS,UPS ICA,,,WORKSTATION,WORKSTATION,(uncollected),Good,(unassigned),,2021-05-04,750000,1,750000,,,W12,"HYDRA - UPS,/Users/phoenix/Desktop/RMI_INV/Home Inventory Export/Exported Photos/928614F8-57F3-49BA-B7EF-107D45F92228.jpg",,,,,,,
HYDRA LIGHT - Display Monitor,Dell Monitor,,CN-0Y7V55-74261-1BF-2HYL    T,WORKSTATION,WORKSTATION,(uncollected),Good,(unassigned),,2019-02-14,1500000,1,1500000,,,W0202,"HYDRA LIGHT - Display Monitor,/Users/phoenix/Desktop/RMI_INV/Home Inventory Export/Exported Photos/23A0B014-92F2-4EC9-B2D9-B3F2A88E95EF.jpg",,,,,,,
HYDRA LIGHT - KEYBOARD,Keyboard Logitec K520r,,,WORKSTATION,WORKSTATION,(uncollected),Good,(unassigned),,2021-03-29,980000,1,980000,,,W1002,"HYDRA LIGHT - KEYBOARD,/Users/phoenix/Desktop/RMI_INV/Home Inventory Export/Exported Photos/60E4B631-9319-421C-8E0B-E9E50B325F2C.jpg",,,,,,,
HYDRA MONSTRO - Display Monitor,HP Z Display monitor Z24i,,"CNK423062R, CNK423061T",WORKSTATION,WORKSTATION,(uncollected),Good,(unassigned),,2021-02-14,900000,2,1800000,,,W0202,"HYDRA MONSTRO - Display Monitor,/Users/phoenix/Desktop/RMI_INV/Home Inventory Export/Exported Photos/10781C94-A355-4C49-BC78-BF30926988B1.jpg,HYDRA MONSTRO - Display Monitor,/Users/phoenix/Desktop/RMI_INV/Home Inventory Export/Exported Photos/AC23BBB6-A436-4F3B-B354-BDA2E9FCDD72.jpg",,,,,,,
HYDRA MONSTRO - KEYBOARD set,Keyboard Logitec K345,,,WORKSTATION,WORKSTATION,(uncollected),Fair,(unassigned),,2019-05-30,350000,1,350000,,,W1002,"HYDRA MONSTRO - KEYBOARD set,/Users/phoenix/Desktop/RMI_INV/Home Inventory Export/Exported Photos/20063E64-B14B-4C06-8024-CCC35F6A6CCA.jpg",,,,,,,
"IMAC 24"" computer",,ALL in One PC,,WORKSTATION,STORAGE ROOM,(uncollected),Fair,(unassigned),,2020-01-31,4000000,1,4000000,,,W0501,"IMAC 21"" computer,/Users/phoenix/Desktop/RMI_INV/Home Inventory Export/Exported Photos/373FC912-F4E9-4518-9043-B3D6FC425FD6.jpg",,,,,,,
Inline Coupler / Conector UTP RJ45 Cat 5,,,,NETWORKING & PERIPHERAL,STORAGE ROOM,(uncollected),Good,(unassigned),,2021-05-08,15000,4,60000,,,N0311,"Inline Coupler / Conector UTP RJ45 Cat 5,/Users/phoenix/Desktop/RMI_INV/Home Inventory Export/Exported Photos/EA0AE473-A563-4E43-B5E4-AE96C9646FFF.jpg",,,,,,,
Inline Coupler / Conector UTP RJ45 Cat 6,Vention,,,NETWORKING & PERIPHERAL,STORAGE ROOM,(uncollected),Good,(unassigned),,2021-07-10,17500,5,87500,,,N0311,"Inline Coupler / Conector UTP RJ45 Cat 6,/Users/phoenix/Desktop/RMI_INV/Home Inventory Export/Exported Photos/0CFFF6ED-FCAC-4FDE-90A4-FF1FC6680FE5.jpg",,,,,,,
IPS MONITOR,AOC,"23"" 12476VWM",AOCKV26E3900174,NETWORKING & PERIPHERAL,CO-WORKING,(uncollected),Good,(unassigned),,2020-09-10,1500000,1,1500000,,,W0205,"IPS MONITOR,/Users/phoenix/Desktop/RMI_INV/Home Inventory Export/Exported Photos/180D0384-D208-4CEC-870C-6BF5D160BC8D.jpg,IPS MONITOR,/Users/phoenix/Desktop/RMI_INV/Home Inventory Export/Exported Photos/4B166F3A-90A1-41A2-96F6-8E6EE129B89E.jpg",,,,,,,
JOY STICK,"LOGITEC, K-ONE",,,NETWORKING & PERIPHERAL,LOUNGE,(uncollected),Poor,(unassigned),,2019-03-04,530000,3,1590000,,,N08,"JOY STICK,/Users/phoenix/Desktop/RMI_INV/Home Inventory Export/Exported Photos/F7C63232-44AB-47C7-8CE9-EA4984730C13.jpg,JOY STICK,/Users/phoenix/Desktop/RMI_INV/Home Inventory Export/Exported Photos/F1D0CDA0-69A7-459E-A914-1586402249A0.jpg",,,,,,,
KEYBOARD,APPLE,USB,,NETWORKING & PERIPHERAL,STORAGE ROOM,(uncollected),Good,(unassigned),,2021-03-06,750000,1,750000,,,N0411,"KEYBOARD,/Users/phoenix/Desktop/RMI_INV/Home Inventory Export/Exported Photos/67734CE4-3FB0-4DD0-9566-0D4099813EC0.jpg",,,,,,,
KEYBOARD + MOUSE Wireless,LOGITEC,MK 35,,NETWORKING & PERIPHERAL,STORAGE ROOM,(uncollected),Good,(unassigned),,2020-04-10,350000,3,1050000,,,N0410,"KEYBOARD + MOUSE,/Users/phoenix/Desktop/RMI_INV/Home Inventory Export/Exported Photos/04AFE3E7-9BA2-41E5-B0BE-58123E2A5331.jpg",,,,,,,"27/03/19 01. Yang satu Ga ada USB CONNECTOR
02. Ga ada USB CONNECTOR plus ga ada Mouse"
KEYBOARD USB,"Logitec, HP","K200, K120, KU9963, KU1156",,NETWORKING & PERIPHERAL,STORAGE ROOM,(uncollected),Poor,(unassigned),,2019-07-07,200000,4,800000,,"KEYBOARD,KEYBOARD USB",N0410,"KEYBOARD USB,/Users/phoenix/Desktop/RMI_INV/Home Inventory Export/Exported Photos/AB125943-9458-47A5-ACB5-CBE1FBEB7E84.jpg",,,,,,,
KITCHEN TOOL,"Pisau, Spatula, Talenan,kompor gas, tabbing gas, dispenser, water heater, panci, Katel, Rice Cooker, Coffee maker, Galon, mutu & Coet.",,,FURNITURE & APPLIANCES,KITCHEN,(uncollected),Good,(unassigned),,2021-05-08,20000,26,520000,,,F0110,"KITCHEN TOOL,/Users/phoenix/Desktop/RMI_INV/Home Inventory Export/Exported Photos/34C3AE80-7983-4197-8E5E-99B5E4BC6043.jpg,KITCHEN TOOL,/Users/phoenix/Desktop/RMI_INV/Home Inventory Export/Exported Photos/8AAE196F-7780-4C26-9E0C-C31EBCF72B41.jpg,KITCHEN TOOL,/Users/phoenix/Desktop/RMI_INV/Home Inventory Export/Exported Photos/F64765C7-A461-4529-B173-52E8E542738B.jpg,KITCHEN TOOL,/Users/phoenix/Desktop/RMI_INV/Home Inventory Export/Exported Photos/49A2EC65-20EF-4B98-866D-BABDCB962B5F.jpg,KITCHEN TOOL,/Users/phoenix/Desktop/RMI_INV/Home Inventory Export/Exported Photos/3D1576F0-0199-48A5-B672-31585E0A4EE3.jpg,KITCHEN TOOL,/Users/phoenix/Desktop/RMI_INV/Home Inventory Export/Exported Photos/3213F15B-4FAB-42D1-A806-6394D9D3A3BE.jpg,KITCHEN TOOL,/Users/phoenix/Desktop/RMI_INV/Home Inventory Export/Exported Photos/D7627618-333B-4E2A-A6B4-AF28E26D27CB.jpg,KITCHEN TOOL,/Users/phoenix/Desktop/RMI_INV/Home Inventory Export/Exported Photos/1F7A634C-5D89-40C4-AEB4-540F7F04F84F.jpg,KITCHEN TOOL,/Users/phoenix/Desktop/RMI_INV/Home Inventory Export/Exported Photos/102F16B4-C8CD-47EB-B5F8-E4E658ABE17D.jpg",,,,,,,"29/07/19 Pisau 3
Spatula 2 
Talenan 1
Kompor gas 1 
Tabung gas 1 
dispenser 2 
water heater 1 
panci 3 
Katel 3 
Rice Cooker 1 
Coffee maker 2 
Galon 4 
mutu & Coet 1"
KITCHEN WARE,"Piring, Gelas, sendok garpu, Sumplit, Toples Maniok , Ember beras.",,,FURNITURE & APPLIANCES,KITCHEN,(uncollected),Fair,(unassigned),,2020-04-11,7500,76,570000,,,F0109,"KITCHEN WARE,/Users/phoenix/Desktop/RMI_INV/Home Inventory Export/Exported Photos/855A4CB0-7E12-40C8-BBCA-3F0CEB68BCFE.jpg,KITCHEN WARE,/Users/phoenix/Desktop/RMI_INV/Home Inventory Export/Exported Photos/4D526E40-D8F0-4EFF-8E15-93C8A564E160.jpg",,,,,,,"29/07/19 Piring 13 
Gelas 27 
sendok garpu 15 
Sumplit 3
Toples 9
Mangkok 9
Ember beras 1"
LCD  MONITOR,Philips 23”,,DL5A1251279276,WORKSTATION,STORAGE ROOM,(uncollected),Good,(unassigned),,2019-12-01,11000000,1,11000000,,,W0204,"LCD  MONITOR,/Users/phoenix/Desktop/RMI_INV/Home Inventory Export/Exported Photos/DDBB30B5-AA27-44B1-818A-DDBFC0C61270.jpg",,,,,,,
LCD MONITOR,Benq,DreamCaster 24” G2400W,ETMB7I540ISLO,WORKSTATION,CO-WORKING,(uncollected),Excellent,(unassigned),,2020-12-09,800000,1,800000,,,W0206,"LCD MONITOR,/Users/phoenix/Desktop/RMI_INV/Home Inventory Export/Exported Photos/4CB7B35E-298F-4396-B988-51DF11CCC06A.jpg",,,,,,,
LED Lighting,GODOX LED 500,,6952344209356,LIGHTING,STORAGE ROOM,(uncollected),Good,(unassigned),,2021-01-05,750000,1,750000,,,L01,"LED Lighting,/Users/phoenix/Desktop/RMI_INV/Home Inventory Export/Exported Photos/FA971BD5-D360-47E3-978D-EE255E3647E5.jpg",,,,,,,
LENS CAMERA,CANON,"18-55, 16-35, 24-70, 50, 70-200 mm",( 50 mm : 6755812 ) ( 16-35 mm : 4610002904 ) ( 70-200 mm : 4720001425 ) ( 24-70 mm : 5450004214 ) ( 18-55 mm : 88354271 ),CAMERA,BOARD,(uncollected),Good,(unassigned),,2021-02-08,1950000,5,9750000,,,C06,"LENS CAMERA,/Users/phoenix/Desktop/RMI_INV/Home Inventory Export/Exported Photos/3B3AAD5B-3BA5-4523-B51F-52752F8C7C7B.jpg,LENS CAMERA,/Users/phoenix/Desktop/RMI_INV/Home Inventory Export/Exported Photos/DB0BBB57-BCF7-4585-BB0B-04663831FA3C.jpg,LENS CAMERA,/Users/phoenix/Desktop/RMI_INV/Home Inventory Export/Exported Photos/E489EBBC-396B-4816-AED9-0FF6834BBD02.jpg,LENS CAMERA,/Users/phoenix/Desktop/RMI_INV/Home Inventory Export/Exported Photos/78D87055-3B9C-493F-B8A3-15AF64DDB529.jpg,LENS CAMERA,/Users/phoenix/Desktop/RMI_INV/Home Inventory Export/Exported Photos/14BCA48E-06A6-4CCD-88B1-2CE3C6CFD0F7.jpg",,,,,,,
Lens Mount Adapter,"COMMLIITE, PROCORE",EF/EF-S Lens to E-Mount & Mount Adapter AF,,CAMERA,BOARD,(uncollected),Excellent,(unassigned),,2019-09-15,12400000,2,24800000,,,C09,"Lens Mount Adapter,/Users/phoenix/Desktop/RMI_INV/Home Inventory Export/Exported Photos/048E0839-3489-4F2E-98B6-52DECBEAAC8C.jpg,Lens Mount Adapter,/Users/phoenix/Desktop/RMI_INV/Home Inventory Export/Exported Photos/7777BDB5-838A-4E2D-B335-5BC6FFD61C33.jpg",,,,,,,
Light Stand,Victory,,,GRIP,STORAGE ROOM,(uncollected),Good,(unassigned),,2021-01-09,1990000,2,3980000,,,G0201,"Light Stand,/Users/phoenix/Desktop/RMI_INV/Home Inventory Export/Exported Photos/E32FAC4D-44EE-4612-9603-2791C15EEE82.jpg",,,,,,,
Light Stand MANFROTO,Manfroto,,,GRIP,STORAGE ROOM,(uncollected),Fair,(unassigned),,2020-09-16,170000,2,340000,,,G02,"Light Stand,/Users/phoenix/Desktop/RMI_INV/Home Inventory Export/Exported Photos/81194809-C65E-45FC-B7CD-F0529B4791D5.jpg",,,,,,,
Mac Pro,APPLE,,,WORKSTATION,STORAGE ROOM,(uncollected),Fair,(unassigned),,2019-09-15,540000,1,540000,,,W0101,"Mac Pro,/Users/phoenix/Desktop/RMI_INV/Home Inventory Export/Exported Photos/29A9531A-08CF-4A76-BC40-BDAD58EFB8F7.jpg",,,,,,,
Memory Card,SanDisk Extreme,CF,,CAMERA,BOARD,(uncollected),Poor,(unassigned),,2019-02-14,1625000,4,6500000,,,C0804,"Memory Card,/Users/phoenix/Desktop/RMI_INV/Home Inventory Export/Exported Photos/B0AE8F5A-EE7F-496A-8072-29EDA789B1F0.jpg",,,,,,,
Metal bunk beds / Kasur tingkat,,,,FURNITURE & APPLIANCES,BEDROOM,(uncollected),Good,(unassigned),,2019-03-27,14000000,1,14000000,,"#BED,#tempattidur",F0206,"Metal bunk beds / Kasur tingkat,/Users/phoenix/Desktop/RMI_INV/Home Inventory Export/Exported Photos/90D23DD9-7792-4B24-A9F7-91160192372A.jpg",,,,,,,
Miccrophones,"Sennheiser,  Shure","Shogun mic MKE 400, Dynamic Shure Mic SM57, Samson Meteor","Samson Meteor : Pat. D643,024",AUDIO,BOARD,(uncollected),Fair,(unassigned),,2019-04-18,775000,4,3100000,,,A06,"Miccrophones,/Users/phoenix/Desktop/RMI_INV/Home Inventory Export/Exported Photos/08E23F20-3F9F-450B-8536-A7BB944D2D85.jpg,Miccrophones,/Users/phoenix/Desktop/RMI_INV/Home Inventory Export/Exported Photos/B970D215-7AC8-41AB-92B7-251761754BCB.jpg,Miccrophones,/Users/phoenix/Desktop/RMI_INV/Home Inventory Export/Exported Photos/5FFF5D1E-A1F7-4B3E-9F26-48CE2650131A.jpg",,,,,,,"16/07/19 Shogun mic MKE 400 : 2 Bh
Samson Meteor : 1 Bh
Dynamic Shure Mic SM57 : di balikin ke click square"
Miccrophones Wireless,Sennheiser,Sennheiser EW100 G3,,AUDIO,BOARD,(uncollected),Excellent,(unassigned),,2019-08-28,2750000,1,2750000,,,A07,"Miccrophones Wireless,/Users/phoenix/Desktop/RMI_INV/Home Inventory Export/Exported Photos/973BEF77-E4E1-4695-9594-8B0FD4486C01.jpg",,,,,,,
MINI DV Cassette 60m,SONY,,,NETWORKING & PERIPHERAL,STORAGE ROOM,(uncollected),Good,(unassigned),,2021-02-13,228764,17,3889000,,,N06,"MINI DV Cassette 60m,/Users/phoenix/Desktop/RMI_INV/Home Inventory Export/Exported Photos/44D986B6-9E3A-4B7C-A466-E9AED41B4697.jpg",,,,,,,
Mirrorless Camera,SONY,A7S MK II,4476191,CAMERA,BOARD,(uncollected),Excellent,(unassigned),,2019-11-11,9760000,1,9760000,,,C0101,"Mirrorless Camera,/Users/phoenix/Desktop/RMI_INV/Home Inventory Export/Exported Photos/BC015486-8DB6-474F-ABC7-6A4039513FA3.jpg",,,,,,,
MONOPOD,"SIRUI, Yunteng","Sirui Monopod VA5, Yunteng YT-228 ( selfie Stick Monopod )",,GRIP,STORAGE ROOM,(uncollected),Poor,(unassigned),,2019-09-02,21000,2,42000,,,G01,"MONOPOD,/Users/phoenix/Desktop/RMI_INV/Home Inventory Export/Exported Photos/E4D0DD83-ACE8-4D06-8776-6A41B09B03B3.jpg,MONOPOD,/Users/phoenix/Desktop/RMI_INV/Home Inventory Export/Exported Photos/42D41E86-7837-47F4-8708-006DDF20C62C.jpg",,,,,,,
Motherboard,HP,P38610FM4WA0Z4,,TOOLS & SUPPLY,STORAGE ROOM,(uncollected),Excellent,(unassigned),,2019-04-14,32500000,1,32500000,,,T0411,"Motherboard,/Users/phoenix/Desktop/RMI_INV/Home Inventory Export/Exported Photos/78055CCF-CFD8-4410-BF72-A3BBFB3D5C21.jpg",,,,,,,
MOUSE,"HP, APPLE","USB, WIRELESS",,NETWORKING & PERIPHERAL,STORAGE ROOM,(uncollected),Good,(unassigned),,2019-04-12,1000000,5,5000000,,"MIGHTY MOUSE,MOUSE,WIRELESS",N0410,"MOUSE,/Users/phoenix/Desktop/RMI_INV/Home Inventory Export/Exported Photos/89CE5328-DA35-416B-9463-C00DEF043122.jpg,MOUSE,/Users/phoenix/Desktop/RMI_INV/Home Inventory Export/Exported Photos/9E65B70C-EA4D-4366-A39B-C7037945417F.jpg,MOUSE,/Users/phoenix/Desktop/RMI_INV/Home Inventory Export/Exported Photos/5CE0E63F-5532-46DA-95D7-EC3BCA68A95E.jpg",,,,,,,"13/05/19 1 Mouse HP di co-working (DECEPTICON)
1 mouse Apple di Suite room (OPTIMUS)
2 Mouse fire & Ice"
Office Paper & Media Organizer,,,,FURNITURE & APPLIANCES,CO-WORKING,(uncollected),Poor,(unassigned),,2019-01-18,650000,7,4550000,,,F0417,"Latter Tray,/Users/phoenix/Desktop/RMI_INV/Home Inventory Export/Exported Photos/8D695C38-AEF0-41D0-A660-00D2C802D0FF.jpg,Stationery Holder Plastic,/Users/phoenix/Desktop/RMI_INV/Home Inventory Export/Exported Photos/97B2F2CA-BC2D-4F40-9AE1-9FEA5735D761.jpg,Stationery Holder Metal,/Users/phoenix/Desktop/RMI_INV/Home Inventory Export/Exported Photos/B41E3274-89C2-4FB9-926C-C6F4AE0A8E93.jpg",,,,,,,
OPTICAL DRIVE External,Samsung,,,NETWORKING & PERIPHERAL,STORAGE ROOM,(uncollected),Good,(unassigned),,2020-03-05,500000,1,500000,,DVD WRITER,N,"OPTICAL DRIVE External,/Users/phoenix/Desktop/RMI_INV/Home Inventory Export/Exported Photos/17F676E3-91D4-4B6C-AF02-504D1B2AE649.jpg",,,,,,,01/04/19 No cable data
OPTICAL DRIVE Internal,PANASONIC,Internal,,TOOLS & SUPPLY,STORAGE ROOM,(uncollected),Good,(unassigned),,2020-09-20,375000,2,750000,,"DVD DRIVE,DVD WRITER",T0411,"OPTICAL DRIVE,/Users/phoenix/Desktop/RMI_INV/Home Inventory Export/Exported Photos/F52DB235-2DF7-4777-87C8-574386BF4148.jpg",,,,,,,
OPTIMUS,Mac Pro,,YM13201XEUH,WORKSTATION,SUITE,(uncollected),Fair,(unassigned),,2019-04-18,180000,1,180000,,,W0101,"OPTIMUS,/Users/phoenix/Desktop/RMI_INV/Home Inventory Export/Exported Photos/1A4E422F-5527-40D0-8514-C5465904A36D.jpg",,,,,,,
OPTIMUS - HEADPHONES,Audio Technica ATH-M40X,,,AUDIO,SUITE,(uncollected),Fair,(unassigned),,2021-12-31,120000,1,120000,,,A04,"OPTIMUS - HEADPHONES,/Users/phoenix/Desktop/RMI_INV/Home Inventory Export/Exported Photos/9FBE3393-F122-4D31-90AC-4203C5589FC8.jpg",,,,,,,
OPTIMUS DISPLAY MONITOR,ViewSonic Monitor VX3276-2K MHD,,V9W174400239,WORKSTATION,SUITE,(uncollected),Excellent,(unassigned),,2019-10-26,27000000,1,27000000,,,W0210,"OPTIMUS DISPLAY MONITOR,/Users/phoenix/Desktop/RMI_INV/Home Inventory Export/Exported Photos/3590EA1F-A6E1-43CD-A491-34ECA832FD70.jpg",,,,,,,
OPTIMUS KEYBOARD,Apple W Numerik,,,WORKSTATION,SUITE,(uncollected),Good,(unassigned),,2020-09-20,2300000,1,2300000,,,W1001,"OPTIMUS KEYBOARD,/Users/phoenix/Desktop/RMI_INV/Home Inventory Export/Exported Photos/8BB3FD3C-E5ED-4A9E-83A2-649E81267672.jpg",,,,,,,
OUTSIDE FOLDING CHAIR,ARMY DESIGN,,,FURNITURE & APPLIANCES,STORAGE ROOM,(uncollected),Excellent,(unassigned),,2019-04-19,900000,5,4500000,,,F0416,"OUTSIDE FOLDING CHAIR,/Users/phoenix/Desktop/RMI_INV/Home Inventory Export/Exported Photos/538A910D-BAA9-462A-9616-F360F13C28E2.jpg",,,,,,,
OWC THUNDERBOLT 12 PORT,OWC,,,NETWORKING & PERIPHERAL,SUITE,(uncollected),Excellent,(unassigned),,2020-11-10,600000,2,1200000,,,21411696  21411685,"OWC THUNDERBOLT 12 PORT,/Users/phoenix/Desktop/RMI_INV/Home Inventory Export/Exported Photos/B9870D2B-1B54-421D-86C4-29187FD87916.jpg,OWC THUNDERBOLT 12 PORT,/Users/phoenix/Desktop/RMI_INV/Home Inventory Export/Exported Photos/E93F3DAF-F48A-47D6-B13A-8814E6A67DD5.jpg",,,,,,,
PELICAN CASE,,1550,,BAG & CASE,BOARD,(uncollected),Fair,(unassigned),,2021-05-04,75000,4,300000,,,B020401,"CASE PALICAN,/Users/phoenix/Desktop/RMI_INV/Home Inventory Export/Exported Photos/05317316-189C-49CC-B6C0-3DE190EBF8F9.jpg",,,,,,,
PHOENIX - Display Monitor,Mac,,C02GF14LDJGR,WORKSTATION,BOARD,(uncollected),Good,(unassigned),,2021-03-29,1000000,1,1000000,,,W0201,"PHOENIX - Display Monitor,/Users/phoenix/Desktop/RMI_INV/Home Inventory Export/Exported Photos/BBC98CA9-5E70-407A-BE78-079F1D3B018F.jpg",,,,,,,
PHOENIX LOUD SPEAKER,Logitech z313,Logitech z313,,AUDIO,BOARD,(uncollected),Good,(unassigned),,2019-12-05,1150000,1,1150000,,,W07,"LOUD SPEAKER PHOENIX,/Users/phoenix/Desktop/RMI_INV/Home Inventory Export/Exported Photos/EA99A5B2-C85B-4D16-9F6A-47222ADE1EF7.jpg,LOUD SPEAKER PHOENIX,/Users/phoenix/Desktop/RMI_INV/Home Inventory Export/Exported Photos/F4ECF2DF-1C08-4656-A814-3BE22734597A.jpg",,,,,,,
POP FILTER,KONIG & MAYER,,,AUDIO,STORAGE ROOM,(uncollected),Good,(unassigned),,2019-05-07,5300000,1,5300000,,,A08,"POP FILTER,/Users/phoenix/Desktop/RMI_INV/Home Inventory Export/Exported Photos/EFC13A85-482F-41BD-8BF5-18749E6D8918.jpg",,,,,,,
POWER ADAPTOR,,"6V, 9V, 12V",,NETWORKING & PERIPHERAL,STORAGE ROOM,(uncollected),Excellent,(unassigned),,2020-11-10,300000,4,1200000,,,N0204,"POWER ADAPTOR,/Users/phoenix/Desktop/RMI_INV/Home Inventory Export/Exported Photos/93A8C9E4-2A81-4E85-AAFF-5D2B94B4C6BF.jpg",,,,,,,
Power Extension Cord,,,,ELECTRICAL,STORAGE ROOM,(uncollected),Excellent,(unassigned),,2020-01-25,350000,10,3500000,,Perleng,E01,"Power Extension Cord,/Users/phoenix/Desktop/RMI_INV/Home Inventory Export/Exported Photos/88959257-15F0-4F8A-9A70-E3E35D92B480.jpg",,,,,,,
Power Strip,,,,ELECTRICAL,STORAGE ROOM,(uncollected),Good,(unassigned),,2020-02-25,100000,4,400000,,,E02,"Power Strip,/Users/phoenix/Desktop/RMI_INV/Home Inventory Export/Exported Photos/36590F8B-095A-44B8-8584-35282283D174.jpg",,,,,,,19/08/19 4 Noname POWERSTRIP
Power Strip Switch,Hand made,,,ELECTRICAL,STORAGE ROOM,(uncollected),Fair,(unassigned),,2019-11-04,62500,4,250000,,,E0504,"Power Strip Switch,/Users/phoenix/Desktop/RMI_INV/Home Inventory Export/Exported Photos/056C8F78-D430-42FE-B691-B43886D356D8.jpg",,,,,,,
POWER STRIP SWITCH,"HUNTKEY, KRISBOW, LIOA",,,ELECTRICAL,STORAGE ROOM,(uncollected),Fair,(unassigned),,2021-05-04,40000,7,280000,,,E0503,"POWER STRIP SWITCH,/Users/phoenix/Desktop/RMI_INV/Home Inventory Export/Exported Photos/4B3E2486-B314-4A24-B698-7A75C5817FCA.jpg,POWER STRIP SWITCH,/Users/phoenix/Desktop/RMI_INV/Home Inventory Export/Exported Photos/464196E2-453D-4044-A0B3-92C0DA98782B.jpg,POWER STRIP SWITCH,/Users/phoenix/Desktop/RMI_INV/Home Inventory Export/Exported Photos/50618C48-89A9-4C70-94C1-09134A84B1AE.jpg",,,,,,,"15/05/19 LOKASI 3 BIJI D STORAGE ROOM ( BOX DIT )
              1 BIJI DI Co-working Room
              1 BIJI Di Suite Room 2 KRISBOW POWERSTRIP DI STORAGE ROOM
1 LIOWA POWERSTRIP DI STORAGE ROOM"
POWER SUPPLY,Seasonic 520w,M12 EVO EDITION,,TOOLS & SUPPLY,STORAGE ROOM,(uncollected),Good,(unassigned),,2020-12-12,70000,1,70000,,,T0411,"POWER SUPPLY,/Users/phoenix/Desktop/RMI_INV/Home Inventory Export/Exported Photos/1DAC02A8-4D1D-4767-BCCB-AE8F24028409.jpg",,,,,,,
PRINTER,EPSON,"L800, Lw 900p Label Printer",L800 SN : PBTKO015995    #Label SN : R8ZZ650018H,NETWORKING & PERIPHERAL,CO-WORKING,(uncollected),Fair,(unassigned),,2021-05-05,185000,2,370000,,,N10,"PRINTER,/Users/phoenix/Desktop/RMI_INV/Home Inventory Export/Exported Photos/19B02A9B-500D-4657-8D5A-4009ED693EF1.jpg,PRINTER,/Users/phoenix/Desktop/RMI_INV/Home Inventory Export/Exported Photos/34389762-B3AA-481A-A9E8-CA0ED42BE963.jpg,PRINTER,/Users/phoenix/Desktop/RMI_INV/Home Inventory Export/Exported Photos/4C6E127B-C55B-4F14-8673-57A04A538ACE.jpg,PRINTER,/Users/phoenix/Desktop/RMI_INV/Home Inventory Export/Exported Photos/F69D094A-CB5B-455E-9E28-71D764E9DD97.jpg",,,,,,,
RAK Besi,KRISBOW,"RAK BESI KECIL, RAK BESI BESAR",,FURNITURE & APPLIANCES,SUITE,(uncollected),Good,(unassigned),,2019-05-29,600000,5,3000000,,,F0403,"RAK BESI,/Users/phoenix/Desktop/RMI_INV/Home Inventory Export/Exported Photos/CD070362-92ED-4799-B781-9D67792738B8.jpg,RAK BESI KECIL,/Users/phoenix/Desktop/RMI_INV/Home Inventory Export/Exported Photos/A0D29310-5B82-47D4-8AA5-4B85FE15E6BD.jpg",,,,,,,"15/05/19 RAK BESAR  2 DI STORAGE
RAK KECIL 1 BED ROOM
RAK KECIL 1 BOARD ROOM
RAK KECIL 1 SUITE ROOM"
RAM DIMM,"HYNIX, SAMSUNG, ELPIDA, CORSAIR, TRANSCEND","DDR2, DDR3 : 1 & 2 GB",,TOOLS & SUPPLY,STORAGE ROOM,(uncollected),Good,(unassigned),,2019-03-03,1000000,12,12000000,,"Memory,ram",T0411,"RAM DIMM,/Users/phoenix/Desktop/RMI_INV/Home Inventory Export/Exported Photos/648BD0EF-8D0F-46A9-9021-186578EA3B59.jpg",,,,,,,
RAM SODIMM,"HYNIX, SAMSUNG, ELPIDA, CORSAIR","DDR3, DDR2 : 2 & 4 GB",,TOOLS & SUPPLY,STORAGE ROOM,(uncollected),Good,(unassigned),,2019-09-15,1500000,7,10500000,,"Memory,ram",T0411,"RAM SODIMM,/Users/phoenix/Desktop/RMI_INV/Home Inventory Export/Exported Photos/257730EB-858A-42E2-BD93-0BB4F548EAEB.jpg",,,,,,,
REFRIGERATORS MINI,LG,LR-051SF,,FURNITURE & APPLIANCES,BOARD,(uncollected),Fair,(unassigned),,2021-07-09,50000,1,50000,,#Kulkas #Kulkaskecil,F0112,"Portable Refrigerator,/Users/phoenix/Desktop/RMI_INV/Home Inventory Export/Exported Photos/FCFAB698-60C0-43C1-9515-0FE5748B2387.jpg",,,,,,,
REFRIGERATORS Small,TOSHIBA GLACIO,,,FURNITURE & APPLIANCES,KITCHEN,(uncollected),Good,(unassigned),,2020-01-22,100000,1,100000,,,F0111,"REFRIGERATORS Small,/Users/phoenix/Desktop/RMI_INV/Home Inventory Export/Exported Photos/F0B53D07-61DC-4A76-95E2-D6C7E0AB2F16.jpg",,,,,,,
Remote Shutter,Phottix Aion,,1637702017610H,CAMERA,BOARD,(uncollected),Good,(unassigned),,2019-03-27,1000000,1,1000000,,,C12,"Remote Shutter,/Users/phoenix/Desktop/RMI_INV/Home Inventory Export/Exported Photos/8E73C579-40BD-4C95-9523-735684331E0A.jpg",,,,,,,
ROLL BOARD,,,,FURNITURE & APPLIANCES,BACK YARD UPPER,(uncollected),Good,(unassigned),,2020-03-05,1500000,1,1500000,,,F0421,"ROLL BOARD,/Users/phoenix/Desktop/RMI_INV/Home Inventory Export/Exported Photos/389B13F3-B422-4318-8BA0-32C6B90250EA.jpg",,,,,,,
Router,D LINK DSL-2542B,,,NETWORKING & PERIPHERAL,STORAGE ROOM,(uncollected),Good,(unassigned),,2021-02-05,750000,1,750000,,,N0311,"Router,/Users/phoenix/Desktop/RMI_INV/Home Inventory Export/Exported Photos/097D2615-35AC-4AC6-8358-2908F5041022.jpg",,,,,,,
SATA HDD BRACKET,"Orico, other",,,TOOLS & SUPPLY,STORAGE ROOM,(uncollected),Fair,(unassigned),,2019-02-14,60000,3,180000,,,T0411,"SATA HDD BRACKET,/Users/phoenix/Desktop/RMI_INV/Home Inventory Export/Exported Photos/BAC70B45-3E37-49ED-AF68-23C85DAEF26F.jpg",,,,,,,
SCANNER,CANON,CANO SCAN LIDE 110,KEFC36420,NETWORKING & PERIPHERAL,CO-WORKING,(uncollected),Good,(unassigned),,2020-02-04,250000,1,250000,,,N12,"SCANNER,/Users/phoenix/Desktop/RMI_INV/Home Inventory Export/Exported Photos/BB99C7E6-AB66-4FF4-96F4-F4AC7C1BB8A0.jpg,SCANNER,/Users/phoenix/Desktop/RMI_INV/Home Inventory Export/Exported Photos/D5152783-16B1-465C-8CA5-FB42E37D69D7.jpg",,,,,,,
Screw Adapter Of Female 1/4 To Male 3/8 For Tripod Monopod Bullhead,,,,TOOLS & SUPPLY,STORAGE ROOM,(uncollected),Good,(unassigned),,2020-09-20,135000,9,1215000,,,T0806,"Screw Adapter Of Female 1/4 To Male 3/8 For Tripod Monopod Bullhead,/Users/phoenix/Desktop/RMI_INV/Home Inventory Export/Exported Photos/CE4C4E72-AFB5-470F-B700-561870FBA93E.jpg",,,,,,,
screw mount adapter for DSLR Flash tiger,,,,TOOLS & SUPPLY,STORAGE ROOM,(uncollected),Good,(unassigned),,2021-12-06,700000,1,700000,,,T0803,"screw mount adapter for DSLR Flash tiger,/Users/phoenix/Desktop/RMI_INV/Home Inventory Export/Exported Photos/4A9D7206-A65A-4D1A-9DFF-7542DBBE1984.jpg",,,,,,,
Screwdriver set,"miniso, other",,T09,TOOLS & SUPPLY,STORAGE ROOM,(uncollected),Good,(unassigned),,2021-09-23,15000,2,30000,,,,"Screwdriver set,/Users/phoenix/Desktop/RMI_INV/Home Inventory Export/Exported Photos/0D96779B-E0D2-4BE7-ABD8-98141EAF2AF0.jpg,Screwdriver set,/Users/phoenix/Desktop/RMI_INV/Home Inventory Export/Exported Photos/15D0C174-C256-463A-8444-8147B0E2CCB3.jpg",,,,,,,
SMALL BAG,"LOWEPRO, THINGTHANK, CANON LENS BAG",,,BAG & CASE,STORAGE ROOM,(uncollected),Good,(unassigned),,2020-05-08,130000,5,650000,,,B0101,"CAMERA BAG,/Users/phoenix/Desktop/RMI_INV/Home Inventory Export/Exported Photos/C3C50507-8EF4-4674-BADD-5A579291E819.jpg,SMALL BAG,/Users/phoenix/Desktop/RMI_INV/Home Inventory Export/Exported Photos/DF0297F2-26BD-4446-96BC-40D5F50450F4.jpg,SMALL BAG,/Users/phoenix/Desktop/RMI_INV/Home Inventory Export/Exported Photos/201F3790-388E-4FC2-9A7A-8FAF1E4453B9.jpg,SMALL BAG,/Users/phoenix/Desktop/RMI_INV/Home Inventory Export/Exported Photos/58A63D81-777C-42BF-AACC-1B6E7994AA2D.jpg,SMALL BAG,/Users/phoenix/Desktop/RMI_INV/Home Inventory Export/Exported Photos/6396E48B-FE15-40A0-897D-D23FB7C1B0E3.jpg",,,,,,,19/08/19 3 LOWEPRO CAMERA BAG 1 THINGTHANG CAMERA BAG 1 CANON LENS BAG
SMALL CASE,,,,BAG & CASE,All Room,(uncollected),Fair,(unassigned),,2021-05-04,80000,16,1280000,,,B0203,"Case tool box with tray,/Users/phoenix/Desktop/RMI_INV/Home Inventory Export/Exported Photos/6059B4F9-2F44-4EBE-B1F3-1860BBA9EE08.jpg,Organizer box small,/Users/phoenix/Desktop/RMI_INV/Home Inventory Export/Exported Photos/4B567DE6-76D4-4561-B9D4-D7E94C239454.jpg,Organizer box small,/Users/phoenix/Desktop/RMI_INV/Home Inventory Export/Exported Photos/331F2E93-8497-41B3-AED3-BD1A70A45D00.jpg,Tool box Organizer box small,/Users/phoenix/Desktop/RMI_INV/Home Inventory Export/Exported Photos/28201F78-ECBB-4336-8965-EF2287CE5AA4.jpg,Tool box Organizer box small,/Users/phoenix/Desktop/RMI_INV/Home Inventory Export/Exported Photos/171410A6-2FF5-42E5-B84B-FDAB45A7F998.jpg,Tool box Organizer box small,/Users/phoenix/Desktop/RMI_INV/Home Inventory Export/Exported Photos/89A44C76-09DD-48C9-ACC9-FFFF1AA14E82.jpg,Tool box Organizer box small,/Users/phoenix/Desktop/RMI_INV/Home Inventory Export/Exported Photos/4F7EDEE8-6D45-46BE-A04B-784CB53D7529.jpg,Tool box Organizer box small,/Users/phoenix/Desktop/RMI_INV/Home Inventory Export/Exported Photos/8839E585-395C-4FA5-A2FE-510F85E46B5E.jpg,BOX AMUNISI BESI,/Users/phoenix/Desktop/RMI_INV/Home Inventory Export/Exported Photos/C254237E-2FA9-45F7-A4CD-3E4A4EE95388.jpg,Case SD Card,/Users/phoenix/Desktop/RMI_INV/Home Inventory Export/Exported Photos/6D76BD01-9EA1-4408-9ADE-A8BEFD689B48.jpg,SMALL CASE,/Users/phoenix/Desktop/RMI_INV/Home Inventory Export/Exported Photos/D99A63CA-EC47-4F9F-BE42-89FD803520BC.jpg,SMALL CASE,/Users/phoenix/Desktop/RMI_INV/Home Inventory Export/Exported Photos/0724085A-3EEE-4BB7-A1F0-BD02E230FF40.jpg",,,,,,,"19/08/19 2 Box Besi Amunisi besi DI STORAGE ROOM
2 CARD CASE DI BOARD ROOM
1 CONTAINER PLASTIK DI BOARD ROOM
8 STORAGE ROOM
2 SUITE ROOM
1 BOARD ROOM"
Sound Card External 3.5mm to USB,ORICO,,,AUDIO,STORAGE ROOM,(uncollected),Good,(unassigned),,2020-09-10,1360000,1,1360000,,,A0302,"Adapter Sound Card External 3.5mm to USB,/Users/phoenix/Desktop/RMI_INV/Home Inventory Export/Exported Photos/1BBEC20A-D65E-4331-A444-DD750D44A7FB.jpg",,,,,,,
SpyderChecker,Datacolor,Datacolor SCK100 SpyderCheckr 740518,,NETWORKING & PERIPHERAL,BOARD,(uncollected),Good,(unassigned),,2021-02-05,75000,1,75000,,,N16,"SpyderChecker,/Users/phoenix/Desktop/RMI_INV/Home Inventory Export/Exported Photos/282F7E2B-E8B3-4EB7-919E-78276EBD9C23.jpg",,,,,,,
Stecker,,"Male, Female",,TOOLS & SUPPLY,STORAGE ROOM,(uncollected),Fair,(unassigned),,2021-11-19,150000,4,600000,,,T0304,"Stecker,/Users/phoenix/Desktop/RMI_INV/Home Inventory Export/Exported Photos/7CBD9431-5298-490E-95BE-D38AAE460B07.jpg,Stecker,/Users/phoenix/Desktop/RMI_INV/Home Inventory Export/Exported Photos/9E512069-358A-4BCA-9907-86DA4B84B3D4.jpg",,,,,,,
Switch,D LINK,"DGS 1016B 16 Port, TL-SG1008-02",,NETWORKING & PERIPHERAL,STORAGE ROOM,(uncollected),Excellent,(unassigned),,2019-06-18,2500000,2,5000000,,,N0311,"Switch DGS 1016B 16 Port,/Users/phoenix/Desktop/RMI_INV/Home Inventory Export/Exported Photos/A2C9491F-1B61-41AA-8473-31FC06A01FF6.jpg,Switch,/Users/phoenix/Desktop/RMI_INV/Home Inventory Export/Exported Photos/B68D4C5F-70CE-466C-BADF-5AF6C08846C5.jpg,Switch,/Users/phoenix/Desktop/RMI_INV/Home Inventory Export/Exported Photos/49ECB366-1552-405D-B0F1-7160E0B8C877.jpg",,,,,,,"13/05/19 1 DGS 1016B 16 Port di Setorage room
1 Swich TL-SG1008-02 di pasang di Co-Working
1 Switch Allied Telesis AT-GS950/16 port di passing d Suite Room"
TAPE ( LAKBAN ),,,,TOOLS & SUPPLY,STORAGE ROOM,(uncollected),Good,(unassigned),,2021-07-31,5000,31,155000,,,T12,"TAPE ( LAKBAN ),/Users/phoenix/Desktop/RMI_INV/Home Inventory Export/Exported Photos/B8869D4B-C7D6-41A4-AF94-F170624264D4.jpg",,,,,,,"20/08/19 LAKBAN 

HITAM 21
KUNING : 1
HIJAU : 1
DOUBBLE TEPE : 4
CREAM : 1
BENING BESAR : 1
BENING KECIL : 1
FRAGILE : 1"
Tape Cartridge Label Printer,EPSON & KW Super,"12mm, 36mm",,TOOLS & SUPPLY,STORAGE ROOM,(uncollected),Good,(unassigned),,2020-09-20,900000,14,12600000,,,T0512,"Tape Cartridge Lable Work,/Users/phoenix/Desktop/RMI_INV/Home Inventory Export/Exported Photos/70762086-261B-41AB-ACFD-C5EA5EB41A52.jpg,Tape Cartridge Label Printer,/Users/phoenix/Desktop/RMI_INV/Home Inventory Export/Exported Photos/0A3C81D2-BB4F-4F6F-B11C-B66B605F0C7D.jpg",,,,,,,
TIME LAPSE CAMERA,Brino,"TCL200, TCL200 Pro",TEH3400706 - TEH 3400705 - TBD2701113,CAMERA,BOARD,(uncollected),Good,(unassigned),,2021-11-18,10000,2,20000,,,C03,"TIME LAPSE CAMERA,/Users/phoenix/Desktop/RMI_INV/Home Inventory Export/Exported Photos/3F3D8404-9B9C-4266-A7B2-2AD0D334A2A8.jpg,TIME LAPSE CAMERA,/Users/phoenix/Desktop/RMI_INV/Home Inventory Export/Exported Photos/6A2C669A-28CB-4545-92CD-DFA0F260331A.jpg,TIME LAPSE CAMERA,/Users/phoenix/Desktop/RMI_INV/Home Inventory Export/Exported Photos/6F4A4A05-A22D-4C71-9BAC-93989BF3E70A.jpg",,,,,,,
Tools Appliance,"Paint Brush, Zigsaws, Wood Saws, Magnetizer Orange",,,TOOLS & SUPPLY,STORAGE ROOM,(uncollected),Good,(unassigned),,2020-02-25,75000,1,75000,,,T11,"Magnetizer Orange,/Users/phoenix/Desktop/RMI_INV/Home Inventory Export/Exported Photos/BF34F2B5-0763-4EB0-95AD-7EE303C73F1F.jpg,Fischer,/Users/phoenix/Desktop/RMI_INV/Home Inventory Export/Exported Photos/A022AFBC-48C4-4A3B-AD83-324FFEA12F36.jpg,WOOD SAWS,/Users/phoenix/Desktop/RMI_INV/Home Inventory Export/Exported Photos/D48E443C-C13D-4748-B3CB-D1C1A06E8F37.jpg,HACKSAWS,/Users/phoenix/Desktop/RMI_INV/Home Inventory Export/Exported Photos/9F4A4EDC-E43A-499B-BB48-8CDA9B055586.jpg,Paint Brush,/Users/phoenix/Desktop/RMI_INV/Home Inventory Export/Exported Photos/F96AC0A1-E4D2-47D5-B11A-7E378B26F041.jpg,Tools Appliance,/Users/phoenix/Desktop/RMI_INV/Home Inventory Export/Exported Photos/47CB05F0-200E-4D47-98D2-2D503592D3A4.jpg",,,,,,,
Travel Stecker Conector,,,,ELECTRICAL,STORAGE ROOM,(uncollected),Excellent,(unassigned),,2019-03-03,511111,9,4600000,,,E03,"Travel Stecker Conector,/Users/phoenix/Desktop/RMI_INV/Home Inventory Export/Exported Photos/87E1FD04-6CC4-4E88-B403-9AC2D9998E75.jpg,Travel Stecker Conector,/Users/phoenix/Desktop/RMI_INV/Home Inventory Export/Exported Photos/B9237015-3564-456E-863B-ADAC10F07894.jpg",,,,,,,
Tripod Camera,Miller,Miller Solo 75 Ripdlock,,GRIP,STORAGE ROOM,(uncollected),Good,(unassigned),,2019-09-15,250000,1,250000,,,G01,"Tripod Camera,/Users/phoenix/Desktop/RMI_INV/Home Inventory Export/Exported Photos/F32A22AD-4108-4926-A500-D7056F1B88FB.jpg",,,,,,,
Tripod Screw threaded to Flash hot shoe mount adapter DSLR,,,,TOOLS & SUPPLY,STORAGE ROOM,(uncollected),Fair,(unassigned),,2020-09-16,3750,4,15000,,,T0703,"Tripod Screw threaded to Flash hot shoe mount adapter DSLR,/Users/phoenix/Desktop/RMI_INV/Home Inventory Export/Exported Photos/690AB8F6-419A-4E47-9CE0-C01B8CE0FFC9.jpg",,,,,,,
"Tripod, Magic Arm Camera","Lebec, , Akuba,","TH 650DV, Magic Arm, Akuba HG 2800",,GRIP,STORAGE ROOM,(uncollected),Excellent,(unassigned),,2019-04-04,17000000,3,51000000,,,G01,"Tripod Camera,/Users/phoenix/Desktop/RMI_INV/Home Inventory Export/Exported Photos/B32469FB-E576-48C9-AEDC-7C5474BE044E.jpg,Tripod Camera,/Users/phoenix/Desktop/RMI_INV/Home Inventory Export/Exported Photos/1FD7F055-93BD-4EF2-8988-BE1C0F8A98B4.jpg,Tripod Magic Arm Camera,/Users/phoenix/Desktop/RMI_INV/Home Inventory Export/Exported Photos/D2969518-A655-4DEA-A975-E7BC67D0B183.jpg",,,,,,,
TROLI,KRISBOW,,,FURNITURE & APPLIANCES,STORAGE ROOM,(uncollected),Fair,(unassigned),,2020-09-20,10000,1,10000,,,F0418,"TROLI,/Users/phoenix/Desktop/RMI_INV/Home Inventory Export/Exported Photos/9AE3067F-7236-4B35-A7D0-1E3DBBD1600F.jpg",,,,,,,
Uncategorised 1,,,,NETWORKING & PERIPHERAL,STORAGE ROOM,(uncollected),Excellent,(unassigned),,2020-02-13,1500000,1,1500000,,,N19,"???,/Users/phoenix/Desktop/RMI_INV/Home Inventory Export/Exported Photos/24975FA2-58F0-4CFC-8629-EC205A677F75.jpg",,,,,,,
Uncategorised 2,,,,NETWORKING & PERIPHERAL,STORAGE ROOM,(uncollected),Good,(unassigned),,2020-04-10,600000,1,600000,,,N19,"????,/Users/phoenix/Desktop/RMI_INV/Home Inventory Export/Exported Photos/9C97F2DF-B873-45C5-81C9-990C024032A3.jpg",,,,,,,
Universal Outlet Power Strip,"Outlet Euro, 4, 5 Socket",KRISBOW,,ELECTRICAL,STORAGE ROOM,(uncollected),Fair,(unassigned),,2021-02-04,62500,2,125000,,"Cable,Powerstrip,Terminal",E02,"Universal Outlet Power Strip,/Users/phoenix/Desktop/RMI_INV/Home Inventory Export/Exported Photos/431FA6E9-B35A-48D6-BCE5-FEA13FB8DDA1.jpg",,,,,,,
Usb charger Desktop,Orico 4 port usb charger,,,NETWORKING & PERIPHERAL,BOARD,(uncollected),Fair,(unassigned),,2019-11-28,235000,1,235000,,,,"Usb charger Desktop,/Users/phoenix/Desktop/RMI_INV/Home Inventory Export/Exported Photos/76AF2D89-CC78-41B1-81F2-6A83010B23FB.jpg,Usb charger Desktop,/Users/phoenix/Desktop/RMI_INV/Home Inventory Export/Exported Photos/0854FE0D-8251-4987-B674-E1C371C2D0B6.jpg",,,,,,,
USB HUB,ORICO,,,NETWORKING & PERIPHERAL,STORAGE ROOM,(uncollected),Good,(unassigned),,2020-04-27,100000,1,100000,,,N0208,"USB HUB,/Users/phoenix/Desktop/RMI_INV/Home Inventory Export/Exported Photos/4BB88B94-5C3B-4C9E-BBBF-0DB8D20A5177.jpg",,,,,,,
Vacum Cleaner,IDEAL LIFE,,,FURNITURE & APPLIANCES,STORAGE ROOM,(uncollected),Good,(unassigned),,2019-09-15,750000,1,750000,,,F0305,"Vacum Cleaner,/Users/phoenix/Desktop/RMI_INV/Home Inventory Export/Exported Photos/A4DD08C6-7BE2-4731-8DAD-991263E214A6.jpg",,,,,,,
Video Audio Spliter,USAT,,,NETWORKING & PERIPHERAL,STORAGE ROOM,(uncollected),Good,(unassigned),,2020-08-31,150000,2,300000,,,,"Video Audio Spliter,/Users/phoenix/Desktop/RMI_INV/Home Inventory Export/Exported Photos/D9BC69EE-9413-4C3D-B389-DA69D8A1CD52.jpg",,,,,,,
Wacom Intuos Comic ( Cth-490 ),,,61CH008033,WORKSTATION,SUITE,(uncollected),Excellent,(unassigned),,2019-07-19,2600000,1,2600000,,,W11,"Wacom Intuos Comic ( Cth-490 ),/Users/phoenix/Desktop/RMI_INV/Home Inventory Export/Exported Photos/20FCE492-6875-442A-A6A7-A00EFC03B306.jpg",,,,,,,
Wardrobe Cabinet,,,,FURNITURE & APPLIANCES,BEDROOM,(uncollected),Good,(unassigned),,2020-02-25,1500000,2,3000000,,,FA02,"Wardrobe Cabinet,/Users/phoenix/Desktop/RMI_INV/Home Inventory Export/Exported Photos/A42C0EDD-EA42-474B-B890-88E60164D3DF.jpg",,,,,,,
WHITE BOARD,,,,FURNITURE & APPLIANCES,BOARD,(uncollected),Good,(unassigned),,2020-03-05,500000,2,1000000,,,F0420,"WHITE BOARD,/Users/phoenix/Desktop/RMI_INV/Home Inventory Export/Exported Photos/B0EE0CDB-89EE-4872-BB3E-39AD6F277757.jpg",,,,,,,
WIRELESS Transmission Video Teradex,Teradex,bolt 1000 HD,96600792 - 96701063,NETWORKING & PERIPHERAL,BOARD,(uncollected),Good,(unassigned),,2019-03-03,45000000,1,45000000,,,N13,"WIRELESS Transmission Video Teradex,/Users/phoenix/Desktop/RMI_INV/Home Inventory Export/Exported Photos/52642AAC-4335-4591-AE14-C292E56D1829.jpg,WIRELESS Transmission Video Teradex,/Users/phoenix/Desktop/RMI_INV/Home Inventory Export/Exported Photos/4F9C2DA7-0D55-4CCE-BF3A-BF798E9C99E5.jpg",,,,,,,
ZABOGAR,HP XW6600,,JPA83608JX,WORKSTATION,AUDIO ROOM,(uncollected),Good,(unassigned),,2019-12-08,4800000,1,4800000,,,W0102,"ZABOGAR,/Users/phoenix/Desktop/RMI_INV/Home Inventory Export/Exported Photos/88C1B976-8038-45EF-9B96-AD0CA702646F.jpg,ZABOGAR,/Users/phoenix/Desktop/RMI_INV/Home Inventory Export/Exported Photos/BB63E143-7923-4416-8A6F-F4CF66353105.jpg,ZABOGAR,/Users/phoenix/Desktop/RMI_INV/Home Inventory Export/Exported Photos/AAD9AD35-6603-42FE-A893-79949E02ABEC.jpg",,,,,,,
ZABOGAR - AUDIO SWITCH,RAYDEN,,,WORKSTATION,AUDIO ROOM,(uncollected),Excellent,(unassigned),,2020-01-26,240000,1,240000,,,W08,"ZABOGAR - AUDIO SWITCH,/Users/phoenix/Desktop/RMI_INV/Home Inventory Export/Exported Photos/FCF7C49C-7CF4-4613-A328-F3747AA512E0.jpg",,,,,,,
ZABOGAR - HEADPHONES,AUDIO TECHNICA,ATH-M20x,,AUDIO,AUDIO ROOM,(uncollected),Good,(unassigned),,2020-05-19,1200000,1,1200000,,,A04,"ZABOGAR - HEADPHONES,/Users/phoenix/Desktop/RMI_INV/Home Inventory Export/Exported Photos/5061B057-8D0D-46B5-BCF5-BADFAA2EF000.jpg",,,,,,,
ZABOGAR - KEYBOARD,Hp KU-1156 USB,,,WORKSTATION,AUDIO ROOM,(uncollected),Fair,(unassigned),,2021-12-31,150000,1,150000,,,W1002,"ZABOGAR - KEYBOARD,/Users/phoenix/Desktop/RMI_INV/Home Inventory Export/Exported Photos/0646A589-45D8-4703-A9E5-E1F70E27ABD3.jpg",,,,,,,
ZABOGAR - LED MONITOR,"Dell U2311Hb 23""",,CN-oV4GHJ-74261-156-OMFL   T,WORKSTATION,AUDIO ROOM,(uncollected),Excellent,(unassigned),,2019-03-05,1800000,1,1800000,,,W0203,"ZABOGAR - LED MONITOR,/Users/phoenix/Desktop/RMI_INV/Home Inventory Export/Exported Photos/B83F19E0-9DAC-43CF-BE8A-6DBC18C6DA54.jpg,ZABOGAR - LED MONITOR,/Users/phoenix/Desktop/RMI_INV/Home Inventory Export/Exported Photos/40DD4C84-A5DE-4155-8CE6-763FFDF27DA8.jpg",,,,,,,
ZABOGAR - LOUD SPEAKER 5.1,LOGITECH,Z906 5.1,1542GG015168,AUDIO,AUDIO ROOM,(uncollected),Excellent,(unassigned),,2020-01-07,6900000,1,6900000,,,A05,"LOUD SPEAKER,/Users/phoenix/Desktop/RMI_INV/Home Inventory Export/Exported Photos/AA8F5E92-270B-4CF5-84D4-B3D8331C9348.jpg,ZABOGAR - LOUD SPEAKER 5.1,/Users/phoenix/Desktop/RMI_INV/Home Inventory Export/Exported Photos/6377011E-B540-4A3A-AC19-E3EA2D87E3E9.jpg",,,,,,,
ZABOGAR - LOUD SPEAKERS STEREO,SAMSON,MEDIA ONE BT4,M4B4BA129E,AUDIO,AUDIO ROOM,(uncollected),Excellent,(unassigned),,2019-04-14,2400000,1,2400000,,,A04,"LOUD SPEAKERS SETEREO,/Users/phoenix/Desktop/RMI_INV/Home Inventory Export/Exported Photos/169308B1-1D34-40FF-A875-917AD2C1C899.jpg,ZABOGAR - LOUD SPEAKERS STEREO,/Users/phoenix/Desktop/RMI_INV/Home Inventory Export/Exported Photos/77B1F36A-E123-4B86-BE2D-DE7273C66B3F.jpg",,,,,,,
ZOBOGAR - AUDIO INTERFACE,CREATIVE LAB SOUND BLASTER,SB 1095,YDSB1095232000087Z,WORKSTATION,AUDIO ROOM,(uncollected),Good,(unassigned),,2020-06-17,1600000,1,1600000,,,W07,"ZOBOGAR - AUDIO INTERFACE,/Users/phoenix/Desktop/RMI_INV/Home Inventory Export/Exported Photos/1192C2D9-9223-47B3-8F66-C5729B09CBF7.jpg,ZOBOGAR - AUDIO INTERFACE,/Users/phoenix/Desktop/RMI_INV/Home Inventory Export/Exported Photos/4A2C5E9D-C2D7-44BA-965F-6BCBC0B42256.jpg",,,,,,,
ZUGGERNAUT,HP Z820 Workstation,,SGH426R8SQ,WORKSTATION,SUITE,(uncollected),Excellent,(unassigned),,2019-07-05,38000000,1,38000000,,,W0102,"HYDRA,/Users/phoenix/Desktop/RMI_INV/Home Inventory Export/Exported Photos/5D5B12DC-4A84-4B21-A669-050D917A4CCD.jpg,ZUGGERNAUT,/Users/phoenix/Desktop/RMI_INV/Home Inventory Export/Exported Photos/76D2E60F-9677-4798-B63B-4E0B9992DC71.jpg",,,,,,,
ZUGGERNAUT AUDIO INTERFACE,YAMAHA UR22mkII,,YEWN02239,WORKSTATION,SUITE,(uncollected),Excellent,(unassigned),,2020-09-05,3400000,1,3400000,,,W07,"ZUGGERNAUT AUDIO INTERFACE,/Users/phoenix/Desktop/RMI_INV/Home Inventory Export/Exported Photos/25DF6CB5-36B6-477A-9C5E-1BCA433DCB66.jpg,ZUGGERNAUT AUDIO INTERFACE,/Users/phoenix/Desktop/RMI_INV/Home Inventory Export/Exported Photos/EAF96DAC-EE71-46C7-ACCE-F8337E9699C9.jpg",,,,,,,
ZUGGERNAUT DISPLAY MONITOR,Dell Monitor ultrasharp U2515H,,( CN-001N56-64180-6BN-05WL-A03 ) ( CN-001N56-64180-6BN-081L-A03 ),WORKSTATION,SUITE,(uncollected),Excellent,(unassigned),,2020-09-05,3900000,2,7800000,,,W0203,"ZUGGERNAUT DISPLAY MONITOR,/Users/phoenix/Desktop/RMI_INV/Home Inventory Export/Exported Photos/A3826402-3A65-4726-8033-707C6FF69EEE.jpg,ZUGGERNAUT DISPLAY MONITOR,/Users/phoenix/Desktop/RMI_INV/Home Inventory Export/Exported Photos/ED77AA8F-E451-4EA9-9C77-A6B279E1290F.jpg,ZUGGERNAUT DISPLAY MONITOR,/Users/phoenix/Desktop/RMI_INV/Home Inventory Export/Exported Photos/69124F8C-AA92-42F2-BA0E-96AC886EEDA0.jpg",,,,,,,
ZUGGERNAUT Keyboard & Mouse,Logitec K850,,,WORKSTATION,SUITE,(uncollected),Excellent,(unassigned),,2020-02-18,2300000,1,2300000,,,W10,"ZUGGERNAUT Keyboard & Mouse,/Users/phoenix/Desktop/RMI_INV/Home Inventory Export/Exported Photos/5C9962DA-ED4A-42E2-A2CF-D00320023912.jpg",,,,,,,
ZUGGERNAUT LOUD SPEAKER,"Speaker Yamaha HS 5, 5”",,EFWO01232,AUDIO,SUITE,(uncollected),Good,(unassigned),,2021-06-09,862500,2,1725000,,,A05,"ZUGGERNAUT AUDIO INTERFACE,/Users/phoenix/Desktop/RMI_INV/Home Inventory Export/Exported Photos/CEA22784-4708-4EFC-99A9-548A01404410.jpg,ZUGGERNAUT LOUD SPEAKER,/Users/phoenix/Desktop/RMI_INV/Home Inventory Export/Exported Photos/D00422D9-B557-4EE0-84FB-3C057B0C0C90.jpg",,,,,,,